filename,width,height,class,xmin,ymin,xmax,ymax,damage_type,cost
0.jpeg,224,224,front_damage,69,87,223,218,front_damage,35000
1.jpeg,224,224,head_lamp,1,1,223,222,head_lamp,26700
10.jpeg,224,224,door_scratch,1,1,224,223,door_scratch,14000
100.jpeg,224,224,door_dent,1,1,224,224,door_dent,6000
1000.jpeg,224,224,door_scratch,1,18,224,185,door_scratch,14000
1001.jpeg,224,224,door_scratch,1,84,224,189,door_scratch,28000
1002.jpeg,224,224,bumper_dent,45,1,224,224,bumper_dent,8000
1003.jpeg,224,224,No_Damage,4,45,224,204,No_Damage,0
1004.jpeg,224,224,tail_lamp,1,1,224,221,tail_lamp,19500
1005.jpeg,224,224,door_dent,24,1,224,224,door_dent,6000
1006.jpeg,224,224,bumper_dent,129,43,224,224,bumper_dent,8000
1007.jpeg,224,224,glass_shatter,1,1,224,224,glass_shatter,14600
1008.jpeg,224,224,bumper_scratch,1,1,224,202,bumper_scratch,8000
1009.jpeg,224,224,head_lamp,1,1,224,212,head_lamp,30000
101.jpeg,224,224,No_Damage,1,1,224,178,No_Damage,0
1010.jpeg,224,224,glass_shatter,1,1,224,224,glass_shatter,38750
1011.jpeg,224,224,door_scratch,1,1,224,224,door_scratch,14000
1012.jpeg,224,224,door_scratch,1,1,224,203,door_scratch,23000
1013.jpeg,224,224,door_dent,1,1,224,224,door_dent,12300
1014.jpeg,224,224,No_Damage,1,28,224,178,No_Damage,0
1015.jpeg,224,224,door_dent,1,1,224,224,door_dent,12000
1016.jpeg,224,224,door_scratch,1,1,219,224,door_scratch,14000
1017.jpeg,224,224,bumper_dent,1,1,224,224,bumper_dent,9500
1018.jpeg,224,224,tail_lamp,1,53,96,179,tail_lamp,24500
1019.jpeg,224,224,tail_lamp,29,3,210,221,tail_lamp,22700
102.jpeg,224,224,bumper_scratch,1,1,224,224,bumper_scratch,9500
1020.jpeg,224,224,bumper_dent,41,36,224,206,bumper_dent,10200
1021.jpeg,224,224,door_scratch,1,14,224,198,door_scratch,14000
1022.jpeg,224,224,head_lamp,1,16,224,201,head_lamp,32700
1023.jpeg,224,224,door_scratch,1,51,224,206,door_scratch,14000
1024.jpeg,224,224,door_scratch,1,1,224,200,door_scratch,14000
1025.jpeg,224,224,bumper_scratch,64,79,224,224,bumper_scratch,10200
1026.jpeg,224,224,glass_shatter,1,23,224,224,glass_shatter,26700
1027.jpeg,224,224,No_Damage,1,67,224,180,No_Damage,0
1028.jpeg,224,224,tail_lamp,27,1,224,224,tail_lamp,18900
1029.jpeg,224,224,bumper_scratch,53,66,166,182,bumper_scratch,9500
103.jpeg,224,224,bumper_dent,1,1,224,224,bumper_dent,9500
1030.jpeg,224,224,No_Damage,10,104,116,148,No_Damage,0
1031.jpeg,224,224,severe_damage,1,37,221,198,severe_damage,1000000
1032.jpeg,224,224,glass_shatter,1,1,224,224,glass_shatter,30000
1033.jpeg,224,224,door_dent,1,1,224,224,door_dent,8200
1034.jpeg,224,224,tail_lamp,1,36,218,206,tail_lamp,21600
1035.jpeg,224,224,glass_shatter,1,1,224,224,glass_shatter,32700
1036.jpeg,224,224,door_dent,1,1,224,224,door_dent,9600
1037.jpeg,224,224,No_Damage,1,41,224,190,No_Damage,0
1038.jpeg,224,224,door_scratch,106,62,224,101,door_scratch,14000
1039.jpeg,224,224,bumper_dent,38,94,224,224,bumper_dent,8500
1039.jpeg,224,224,tail_lamp,1,1,178,110,tail_lamp,22800
104.jpeg,224,224,No_Damage,1,20,224,181,No_Damage,0
1040.jpeg,224,224,tail_lamp,1,21,224,183,tail_lamp,19500
1041.jpeg,224,224,head_lamp,1,1,224,208,head_lamp,18000
1042.jpeg,224,224,door_scratch,96,66,224,168,door_scratch,14000
1043.jpeg,224,224,door_dent,38,58,199,202,door_dent,6000
1044.jpeg,224,224,head_lamp,1,1,169,137,head_lamp,28750
1045.jpeg,224,224,glass_shatter,1,1,224,224,glass_shatter,14600
1046.jpeg,224,224,No_Damage,1,29,224,203,No_Damage,0
1047.jpeg,224,224,bumper_scratch,1,38,163,195,bumper_scratch,8500
1048.jpeg,224,224,door_dent,1,1,224,224,door_dent,6000
1049.jpeg,224,224,glass_shatter,1,1,224,224,glass_shatter,38750
105.jpeg,224,224,door_scratch,1,1,224,224,door_scratch,14000
1050.jpeg,224,224,glass_shatter,22,79,167,128,glass_shatter,26700
1051.jpeg,224,224,front_damage,8,49,224,201,front_damage,30000
1052.jpeg,224,224,No_Damage,1,30,224,202,No_Damage,0
1053.jpeg,224,224,severe_damage,1,31,224,201,severe_damage,1000000
1054.jpeg,224,224,bumper_dent,1,1,224,224,bumper_dent,10500
1055.jpeg,224,224,door_dent,1,1,158,224,door_dent,12300
1056.jpeg,224,224,No_Damage,1,33,224,182,No_Damage,0
1057.jpeg,224,224,door_dent,1,1,224,204,door_dent,12000
1058.jpeg,224,224,bumper_dent,43,1,224,224,bumper_dent,8600
1059.jpeg,224,224,No_Damage,36,82,182,190,No_Damage,0
106.jpeg,224,224,door_scratch,1,1,224,224,door_scratch,14000
1060.jpeg,224,224,tail_lamp,1,1,224,171,tail_lamp,24500
1061.jpeg,224,224,front_damage,1,1,224,198,front_damage,42000
1062.jpeg,224,224,No_Damage,1,81,224,206,No_Damage,0
1063.jpeg,224,224,severe_damage,82,131,163,176,severe_damage,1000000
1064.jpeg,224,224,No_Damage,1,63,224,199,No_Damage,0
1065.jpeg,224,224,bumper_scratch,1,1,224,205,bumper_scratch,9500
1066.jpeg,224,224,head_lamp,1,1,224,224,head_lamp,26700
1067.jpeg,224,224,No_Damage,1,57,224,214,No_Damage,0
1068.jpeg,224,224,bumper_dent,1,1,224,219,bumper_dent,8000
1069.jpeg,224,224,door_scratch,1,1,224,224,door_scratch,14000
107.jpeg,224,224,No_Damage,1,24,224,224,No_Damage,0
1070.jpeg,224,224,glass_shatter,41,11,209,207,glass_shatter,30000
1071.jpeg,224,224,severe_damage,1,9,224,224,severe_damage,1000000
1072.jpeg,224,224,head_lamp,1,1,224,211,head_lamp,28750
1073.jpeg,224,224,glass_shatter,1,1,224,204,glass_shatter,32700
1074.jpeg,224,224,front_damage,13,1,224,209,front_damage,37800
1075.jpeg,224,224,bumper_dent,1,1,224,224,bumper_dent,8000
1076.jpeg,224,224,No_Damage,1,36,224,201,No_Damage,0
1077.jpeg,224,224,front_damage,1,1,220,209,front_damage,36500
1078.jpeg,224,224,head_lamp,1,1,224,187,head_lamp,26700
1079.jpeg,224,224,bumper_dent,1,1,211,224,bumper_dent,9500
108.jpeg,224,224,glass_shatter,1,1,224,224,glass_shatter,30000
1080.jpeg,224,224,No_Damage,7,54,221,145,No_Damage,0
1081.jpeg,224,224,glass_shatter,1,28,224,224,glass_shatter,32700
1082.jpeg,224,224,door_scratch,1,1,224,224,door_scratch,14000
1083.jpeg,224,224,No_Damage,1,99,224,211,No_Damage,0
1084.jpeg,224,224,tail_lamp,1,1,100,224,tail_lamp,22700
1085.jpeg,224,224,tail_lamp,1,1,165,163,tail_lamp,18900
1086.jpeg,224,224,door_dent,1,1,224,209,door_dent,8200
1087.jpeg,224,224,tail_lamp,32,1,179,224,tail_lamp,21600
1088.jpeg,224,224,tail_lamp,1,1,224,224,tail_lamp,22800
1089.jpeg,224,224,door_dent,1,1,224,203,door_dent,9600
109.jpeg,224,224,glass_shatter,1,1,224,224,glass_shatter,14600
1090.jpeg,224,224,door_dent,1,1,224,224,door_dent,12000
1091.jpeg,224,224,glass_shatter,1,1,224,202,glass_shatter,38750
1092.jpeg,224,224,bumper_dent,1,1,224,184,bumper_dent,10200
1093.jpeg,224,224,tail_lamp,1,1,224,202,tail_lamp,19500
1094.jpeg,224,224,No_Damage,1,11,224,224,No_Damage,0
1095.jpeg,224,224,door_scratch,1,56,179,146,door_scratch,14000
1096.jpeg,224,224,No_Damage,1,22,224,201,No_Damage,0
1097.jpeg,224,224,glass_shatter,1,1,224,224,glass_shatter,26700
1098.jpeg,224,224,severe_damage,1,1,224,208,severe_damage,1000000
1099.jpeg,224,224,door_dent,1,1,224,224,door_dent,8200
11.jpeg,224,224,bumper_dent,1,1,224,224,bumper_dent,9500
110.jpeg,224,224,bumper_dent,1,1,224,224,bumper_dent,8500
1100.jpeg,224,224,tail_lamp,1,1,224,224,tail_lamp,24500
1101.jpeg,224,224,glass_shatter,1,1,224,213,glass_shatter,30000
1102.jpeg,224,224,No_Damage,1,85,224,220,No_Damage,0
1103.jpeg,224,224,door_dent,1,1,224,204,door_dent,9600
1104.jpeg,224,224,door_scratch,106,141,208,193,door_scratch,14000
1105.jpeg,224,224,severe_damage,30,1,224,201,severe_damage,1000000
1106.jpeg,224,224,door_scratch,1,35,224,224,door_scratch,14000
1107.jpeg,224,224,head_lamp,1,1,143,209,head_lamp,30000
1108.jpeg,224,224,front_damage,29,65,224,218,front_damage,41700
1109.jpeg,224,224,head_lamp,2,1,224,223,head_lamp,32700
111.jpeg,224,224,bumper_dent,1,1,224,224,bumper_dent,10500
1110.jpeg,224,224,door_scratch,1,1,224,79,door_scratch,14000
1111.jpeg,224,224,glass_shatter,1,9,224,171,glass_shatter,32700
1112.jpeg,224,224,No_Damage,1,50,224,200,No_Damage,0
1113.jpeg,224,224,tail_lamp,95,32,224,224,tail_lamp,22700
1114.jpeg,224,224,door_scratch,1,1,224,209,door_scratch,14000
1115.jpeg,224,224,No_Damage,1,16,224,210,No_Damage,0
1116.jpeg,224,224,glass_shatter,1,14,224,116,glass_shatter,30000
1117.jpeg,224,224,front_damage,1,1,224,224,front_damage,36800
1118.jpeg,224,224,severe_damage,1,26,224,222,severe_damage,1000000
1119.jpeg,224,224,door_scratch,1,68,224,172,door_scratch,14000
112.jpeg,224,224,door_scratch,1,1,224,224,door_scratch,14000
1120.jpeg,224,224,bumper_dent,1,1,220,203,bumper_dent,8600
1121.jpeg,224,224,severe_damage,1,5,224,178,severe_damage,1000000
1122.jpeg,224,224,door_dent,1,1,224,224,door_dent,6000
1123.jpeg,224,224,head_lamp,1,1,224,224,head_lamp,18000
1124.jpeg,224,224,front_damage,16,11,224,214,front_damage,30000
1125.jpeg,224,224,bumper_dent,139,96,224,167,bumper_dent,8000
1126.jpeg,224,224,tire_damage,1,1,224,209,tire_damage,22700
1127.jpeg,224,224,tail_lamp,1,1,224,224,tail_lamp,18900
1128.jpeg,224,224,door_scratch,1,58,224,167,door_scratch,14000
1129.jpeg,224,224,glass_shatter,1,32,224,202,glass_shatter,32700
113.jpeg,224,224,No_Damage,1,41,224,222,No_Damage,0
1130.jpeg,224,224,No_Damage,1,1,224,224,No_Damage,0
1131.jpeg,224,224,tail_lamp,1,1,224,224,tail_lamp,21600
1132.jpeg,224,224,front_damage,1,1,224,192,front_damage,42000
1133.jpeg,224,224,No_Damage,1,3,224,224,No_Damage,0
1134.jpeg,224,224,bumper_scratch,1,1,224,210,bumper_scratch,10200
1135.jpeg,224,224,bumper_dent,1,1,224,223,bumper_dent,8000
1136.jpeg,224,224,tail_lamp,1,1,224,224,tail_lamp,22800
1137.jpeg,224,224,door_scratch,54,88,163,138,door_scratch,14000
1138.jpeg,224,224,door_dent,1,27,224,190,door_dent,6000
1139.jpeg,224,224,door_scratch,1,36,224,219,door_scratch,14000
114.jpeg,224,224,severe_damage,1,1,224,210,severe_damage,1000000
1140.jpeg,224,224,head_lamp,1,1,224,224,head_lamp,28750
1141.jpeg,224,224,door_scratch,1,59,224,159,door_scratch,14000
1142.jpeg,224,224,severe_damage,1,22,224,186,severe_damage,1000000
1143.jpeg,224,224,severe_damage,1,18,224,224,severe_damage,1000000
1144.jpeg,224,224,head_lamp,1,1,224,208,head_lamp,26700
1145.jpeg,224,224,door_scratch,25,90,224,190,door_scratch,14000
1146.jpeg,224,224,bumper_dent,18,53,214,222,bumper_dent,9500
1147.jpeg,224,224,door_scratch,1,1,224,224,door_scratch,14000
1148.jpeg,224,224,No_Damage,1,34,224,211,No_Damage,0
1149.jpeg,224,224,door_dent,138,87,224,207,door_dent,12300
115.jpeg,224,224,door_scratch,1,1,224,224,door_scratch,14000
1150.jpeg,224,224,severe_damage,1,42,224,221,severe_damage,1000000
1151.jpeg,224,224,tail_lamp,1,3,224,224,tail_lamp,19500
1152.jpeg,224,224,bumper_scratch,103,66,207,188,bumper_scratch,12000
1153.jpeg,224,224,door_scratch,1,1,224,224,door_scratch,14000
1154.jpeg,224,224,door_scratch,1,1,224,203,door_scratch,14000
1155.jpeg,224,224,door_dent,40,71,119,169,door_dent,12000
1156.jpeg,224,224,front_damage,1,19,224,224,front_damage,37800
1157.jpeg,224,224,No_Damage,1,41,224,182,No_Damage,0
1158.jpeg,224,224,head_lamp,1,1,224,205,head_lamp,28750
1159.jpeg,224,224,severe_damage,43,36,224,224,severe_damage,1000000
116.jpeg,224,224,No_Damage,1,1,224,174,No_Damage,0
1160.jpeg,224,224,No_Damage,1,55,224,187,No_Damage,0
1161.jpeg,224,224,No_Damage,1,16,224,224,No_Damage,0
1162.jpeg,224,224,bumper_dent,1,41,224,224,bumper_dent,10200
1163.jpeg,224,224,glass_shatter,1,1,224,222,glass_shatter,30000
1164.jpeg,224,224,No_Damage,1,46,224,174,No_Damage,0
1165.jpeg,224,224,door_scratch,1,1,224,224,door_scratch,14000
1166.jpeg,224,224,bumper_dent,2,1,224,189,bumper_dent,9500
1167.jpeg,224,224,No_Damage,1,49,224,182,No_Damage,0
1168.jpeg,224,224,bumper_scratch,60,135,93,173,bumper_scratch,12500
1169.jpeg,224,224,severe_damage,1,53,224,172,severe_damage,1000000
117.jpeg,224,224,head_lamp,1,1,224,203,head_lamp,26700
1170.jpeg,224,224,No_Damage,1,58,224,169,No_Damage,0
1171.jpeg,224,224,bumper_scratch,68,52,152,152,bumper_scratch,13700
1172.jpeg,224,224,glass_shatter,1,1,224,188,glass_shatter,32700
1173.jpeg,224,224,door_dent,1,1,224,224,door_dent,8200
1174.jpeg,224,224,tail_lamp,1,1,224,209,tail_lamp,24500
1175.jpeg,224,224,No_Damage,1,1,224,224,No_Damage,0
1176.jpeg,224,224,head_lamp,1,1,223,224,head_lamp,30000
1177.jpeg,224,224,head_lamp,1,1,224,221,head_lamp,32700
1178.jpeg,224,224,No_Damage,1,9,224,201,No_Damage,0
1179.jpeg,224,224,head_lamp,1,1,224,200,head_lamp,18000
118.jpeg,224,224,front_damage,1,1,224,208,front_damage,36500
1180.jpeg,224,224,door_scratch,1,1,224,200,door_scratch,14000
1181.jpeg,224,224,No_Damage,1,30,224,198,No_Damage,0
1182.jpeg,224,224,No_Damage,13,49,217,168,No_Damage,0
1183.jpeg,224,224,No_Damage,1,41,224,178,No_Damage,0
1184.jpeg,224,224,No_Damage,1,37,224,147,No_Damage,0
1185.jpeg,224,224,bumper_scratch,1,1,224,224,bumper_scratch,12600
1186.jpeg,224,224,bumper_dent,23,10,214,170,bumper_dent,8500
1187.jpeg,224,224,door_dent,85,6,208,145,door_dent,9600
1188.jpeg,224,224,severe_damage,4,9,224,223,severe_damage,1000000
1189.jpeg,224,224,bumper_dent,19,24,119,180,bumper_dent,10500
119.jpeg,224,224,No_Damage,1,76,224,224,No_Damage,0
1190.jpeg,224,224,No_Damage,1,51,224,203,No_Damage,0
1191.jpeg,224,224,tail_lamp,1,49,138,167,tail_lamp,22700
1192.jpeg,224,224,door_scratch,1,15,224,224,door_scratch,14000
1193.jpeg,224,224,front_damage,1,59,224,185,front_damage,41700
1194.jpeg,224,224,No_Damage,1,11,224,208,No_Damage,0
1195.jpeg,224,224,tail_lamp,31,1,119,174,tail_lamp,18900
1196.jpeg,224,224,tail_lamp,26,34,164,202,tail_lamp,21600
1197.jpeg,224,224,severe_damage,83,73,208,217,severe_damage,1000000
1198.jpeg,224,224,bumper_dent,1,28,204,193,bumper_dent,8600
1199.jpeg,224,224,door_dent,10,59,158,154,door_dent,12000
12.jpeg,224,224,door_dent,1,1,203,224,door_dent,8200
120.jpeg,224,224,severe_damage,1,1,224,224,severe_damage,1000000
1200.jpeg,224,224,glass_shatter,1,11,224,163,glass_shatter,14600
1201.jpeg,224,224,tail_lamp,16,17,178,183,tail_lamp,22800
1202.jpeg,224,224,No_Damage,1,26,224,224,No_Damage,0
1203.jpeg,224,224,door_dent,25,54,103,119,door_dent,9600
1204.jpeg,224,224,No_Damage,10,54,219,218,No_Damage,0
1205.jpeg,224,224,door_dent,78,59,177,154,door_dent,6000
1206.jpeg,224,224,front_damage,1,19,175,188,front_damage,36800
1207.jpeg,224,224,No_Damage,1,79,224,197,No_Damage,0
1208.jpeg,224,224,No_Damage,1,51,187,163,No_Damage,0
1209.jpeg,224,224,bumper_dent,1,1,192,224,bumper_dent,8000
121.jpeg,224,224,tail_lamp,1,1,224,224,tail_lamp,19500
1210.jpeg,224,224,severe_damage,1,16,224,215,severe_damage,1000000
1211.jpeg,224,224,No_Damage,1,69,224,204,No_Damage,0
1212.jpeg,224,224,No_Damage,1,1,224,224,No_Damage,0
1213.jpeg,224,224,door_scratch,1,1,224,224,door_scratch,14000
1214.jpeg,224,224,glass_shatter,1,1,224,223,glass_shatter,38750
1215.jpeg,224,224,No_Damage,43,4,224,196,No_Damage,0
1216.jpeg,224,224,glass_shatter,1,1,224,135,glass_shatter,26700
1217.jpeg,224,224,door_dent,101,82,156,149,door_dent,6000
1218.jpeg,224,224,severe_damage,1,34,210,214,severe_damage,1000000
1219.jpeg,224,224,door_dent,71,45,150,138,door_dent,12300
122.jpeg,224,224,door_dent,1,1,224,209,door_dent,12000
1220.jpeg,224,224,door_dent,58,47,176,148,door_dent,8200
1221.jpeg,224,224,head_lamp,1,13,224,179,head_lamp,28750
1222.jpeg,224,224,door_scratch,1,1,224,143,door_scratch,14000
1223.jpeg,224,224,tail_lamp,1,1,224,224,tail_lamp,24500
1224.jpeg,224,224,glass_shatter,1,10,224,198,glass_shatter,30000
1225.jpeg,224,224,door_dent,1,58,120,164,door_dent,9600
1226.jpeg,224,224,glass_shatter,48,1,224,224,glass_shatter,32700
1227.jpeg,224,224,door_scratch,1,1,224,224,door_scratch,14000
1228.jpeg,224,224,tail_lamp,1,1,224,224,tail_lamp,22700
1229.jpeg,224,224,bumper_scratch,67,62,224,224,bumper_scratch,13700
123.jpeg,224,224,No_Damage,1,9,224,181,No_Damage,0
1230.jpeg,224,224,tail_lamp,1,1,224,224,tail_lamp,18900
1231.jpeg,224,224,bumper_dent,35,82,151,182,bumper_dent,8000
1232.jpeg,224,224,No_Damage,1,21,224,216,No_Damage,0
1233.jpeg,224,224,No_Damage,1,59,215,209,No_Damage,0
1234.jpeg,224,224,No_Damage,1,40,224,224,No_Damage,0
1235.jpeg,224,224,bumper_scratch,12,48,170,168,bumper_scratch,12800
1236.jpeg,224,224,severe_damage,1,34,224,197,severe_damage,1000000
1237.jpeg,224,224,front_damage,1,22,224,185,front_damage,37800
1238.jpeg,224,224,door_scratch,1,57,224,224,door_scratch,14000
1239.jpeg,224,224,bumper_scratch,112,108,150,152,bumper_scratch,10200
124.jpeg,224,224,door_scratch,1,1,224,224,door_scratch,14000
1240.jpeg,224,224,tail_lamp,125,1,224,202,tail_lamp,21600
1241.jpeg,224,224,door_dent,36,116,160,197,door_dent,12300
1242.jpeg,224,224,door_scratch,1,41,224,160,door_scratch,14000
1243.jpeg,224,224,glass_shatter,1,1,224,224,glass_shatter,38750
1244.jpeg,224,224,door_scratch,1,1,194,207,door_scratch,14000
1245.jpeg,224,224,door_dent,1,1,223,224,door_dent,12000
1246.jpeg,224,224,No_Damage,14,91,210,218,No_Damage,0
1247.jpeg,224,224,severe_damage,1,18,224,224,severe_damage,1000000
1248.jpeg,224,224,bumper_scratch,72,97,154,149,bumper_scratch,9500
1249.jpeg,224,224,head_lamp,1,1,224,223,head_lamp,26700
125.jpeg,224,224,door_scratch,1,1,224,224,door_scratch,14000
1250.jpeg,224,224,severe_damage,11,62,214,175,severe_damage,1000000
1251.jpeg,224,224,tail_lamp,16,5,166,224,tail_lamp,22800
1252.jpeg,224,224,No_Damage,1,21,224,164,No_Damage,0
1253.jpeg,224,224,door_dent,36,82,209,155,door_dent,8200
1254.jpeg,224,224,No_Damage,1,24,224,212,No_Damage,0
1255.jpeg,224,224,door_dent,1,1,224,224,door_dent,9600
1256.jpeg,224,224,tail_lamp,1,1,188,224,tail_lamp,19500
1257.jpeg,224,224,door_dent,1,1,224,224,door_dent,12000
1258.jpeg,224,224,head_lamp,27,54,167,195,head_lamp,28750
1259.jpeg,224,224,bumper_dent,75,5,202,137,bumper_dent,9500
126.jpeg,224,224,No_Damage,1,1,224,224,No_Damage,0
1260.jpeg,224,224,severe_damage,1,1,224,201,severe_damage,1000000
1261.jpeg,224,224,head_lamp,1,1,224,224,head_lamp,26700
1262.jpeg,224,224,tail_lamp,50,8,193,224,tail_lamp,24500
1263.jpeg,224,224,severe_damage,1,28,224,170,severe_damage,1000000
1264.jpeg,224,224,No_Damage,1,35,224,198,No_Damage,0
1265.jpeg,224,224,front_damage,1,1,224,224,front_damage,36500
1266.jpeg,224,224,tail_lamp,1,15,224,209,tail_lamp,22700
1267.jpeg,224,224,head_lamp,1,9,224,192,head_lamp,28750
1268.jpeg,224,224,severe_damage,1,25,224,224,severe_damage,1000000
1269.jpeg,224,224,tail_lamp,1,22,185,172,tail_lamp,18900
127.jpeg,224,224,No_Damage,1,41,224,214,No_Damage,0
1270.jpeg,224,224,No_Damage,9,8,224,206,No_Damage,0
1271.jpeg,224,224,bumper_dent,47,40,224,203,bumper_dent,10200
1272.jpeg,224,224,door_dent,1,45,203,224,door_dent,8200
1273.jpeg,224,224,No_Damage,1,37,224,206,No_Damage,0
1274.jpeg,224,224,head_lamp,1,1,224,188,head_lamp,26700
1275.jpeg,224,224,tail_lamp,1,1,163,224,tail_lamp,21600
1276.jpeg,224,224,door_dent,44,71,142,190,door_dent,9600
1277.jpeg,224,224,door_scratch,1,1,222,224,door_scratch,14000
1278.jpeg,224,224,front_damage,1,47,221,198,front_damage,41700
1279.jpeg,224,224,door_dent,1,1,224,224,door_dent,6000
128.jpeg,224,224,severe_damage,1,42,224,224,severe_damage,1000000
1280.jpeg,224,224,No_Damage,1,8,224,187,No_Damage,0
1281.jpeg,224,224,door_scratch,24,1,207,216,door_scratch,14000
1282.jpeg,224,224,No_Damage,1,87,224,192,No_Damage,0
1283.jpeg,224,224,tail_lamp,1,32,224,194,tail_lamp,22800
1284.jpeg,224,224,door_dent,76,39,178,168,door_dent,6000
1285.jpeg,224,224,No_Damage,1,94,224,220,No_Damage,0
1286.jpeg,224,224,No_Damage,1,37,220,170,No_Damage,0
1287.jpeg,224,224,door_scratch,1,2,224,224,door_scratch,14000
1288.jpeg,224,224,severe_damage,1,17,196,224,severe_damage,1000000
1289.jpeg,224,224,glass_shatter,1,1,224,211,glass_shatter,26700
129.jpeg,224,224,tail_lamp,1,1,175,212,tail_lamp,19500
1290.jpeg,224,224,head_lamp,21,36,224,193,head_lamp,28750
1291.jpeg,224,224,door_dent,28,20,210,177,door_dent,12300
1292.jpeg,224,224,head_lamp,1,1,224,224,head_lamp,26700
1293.jpeg,224,224,severe_damage,1,73,224,200,severe_damage,1000000
1294.jpeg,224,224,No_Damage,1,20,224,215,No_Damage,0
1295.jpeg,224,224,No_Damage,9,87,224,201,No_Damage,0
1296.jpeg,224,224,severe_damage,1,46,197,198,severe_damage,1000000
1297.jpeg,224,224,tail_lamp,1,1,224,224,tail_lamp,24500
1298.jpeg,224,224,door_scratch,28,57,218,136,door_scratch,14000
1299.jpeg,224,224,No_Damage,2,65,224,185,No_Damage,0
13.jpeg,224,224,door_dent,1,1,224,224,door_dent,12000
130.jpeg,224,224,No_Damage,1,42,224,218,No_Damage,0
1300.jpeg,224,224,glass_shatter,1,1,224,209,glass_shatter,30000
1301.jpeg,224,224,bumper_dent,27,51,177,202,bumper_dent,9500
1302.jpeg,224,224,bumper_dent,1,1,224,224,bumper_dent,8500
1303.jpeg,224,224,glass_shatter,10,29,224,210,glass_shatter,32700
1304.jpeg,224,224,No_Damage,1,22,224,224,No_Damage,0
1305.jpeg,224,224,door_scratch,62,1,224,197,door_scratch,14000
1306.jpeg,224,224,head_lamp,1,1,164,224,head_lamp,30000
1307.jpeg,224,224,tail_lamp,1,1,224,224,tail_lamp,22700
1308.jpeg,224,224,bumper_scratch,1,1,224,199,bumper_scratch,8500
1309.jpeg,224,224,bumper_dent,83,104,165,142,bumper_dent,8000
131.jpeg,224,224,severe_damage,1,7,223,210,severe_damage,1000000
1310.jpeg,224,224,bumper_scratch,42,60,156,139,bumper_scratch,9500
1311.jpeg,224,224,front_damage,39,38,224,169,front_damage,36800
1312.jpeg,224,224,tail_lamp,1,16,224,224,tail_lamp,18900
1313.jpeg,224,224,glass_shatter,61,23,171,88,glass_shatter,30000
1314.jpeg,224,224,bumper_dent,84,103,224,212,bumper_dent,8000
1315.jpeg,224,224,door_dent,26,23,174,181,door_dent,8200
1316.jpeg,224,224,head_lamp,80,1,224,202,head_lamp,32700
1317.jpeg,224,224,tail_lamp,1,1,224,208,tail_lamp,21600
1318.jpeg,224,224,bumper_dent,44,37,178,178,bumper_dent,9500
1319.jpeg,224,224,front_damage,22,11,224,138,front_damage,30000
132.jpeg,224,224,No_Damage,1,20,224,224,No_Damage,0
1320.jpeg,224,224,bumper_dent,1,1,221,224,bumper_dent,10200
1321.jpeg,224,224,No_Damage,54,84,224,191,No_Damage,0
1322.jpeg,224,224,No_Damage,1,11,221,224,No_Damage,0
1323.jpeg,224,224,door_scratch,1,1,224,224,door_scratch,14000
1324.jpeg,224,224,bumper_dent,94,21,199,161,bumper_dent,9500
1325.jpeg,224,224,glass_shatter,1,1,224,224,glass_shatter,32700
1326.jpeg,224,224,No_Damage,1,8,224,180,No_Damage,0
1327.jpeg,224,224,severe_damage,1,1,224,200,severe_damage,1000000
1328.jpeg,224,224,No_Damage,1,15,224,203,No_Damage,0
1329.jpeg,224,224,door_scratch,1,35,224,194,door_scratch,14000
133.jpeg,224,224,bumper_dent,1,1,224,224,bumper_dent,8500
1330.jpeg,224,224,No_Damage,1,48,224,199,No_Damage,0
1331.jpeg,224,224,glass_shatter,1,1,224,224,glass_shatter,30000
1332.jpeg,224,224,bumper_dent,61,25,132,127,bumper_dent,10500
1333.jpeg,224,224,tail_lamp,1,1,223,224,tail_lamp,22800
1334.jpeg,224,224,No_Damage,1,24,224,185,No_Damage,0
1335.jpeg,224,224,door_scratch,1,1,224,186,door_scratch,14000
1336.jpeg,224,224,bumper_scratch,105,62,224,180,bumper_scratch,10200
1337.jpeg,224,224,No_Damage,1,50,224,205,No_Damage,0
1338.jpeg,224,224,glass_shatter,1,1,224,224,glass_shatter,32700
1339.jpeg,224,224,bumper_scratch,1,1,224,224,bumper_scratch,12000
134.jpeg,224,224,No_Damage,1,30,224,174,No_Damage,0
1340.jpeg,224,224,bumper_dent,82,55,224,203,bumper_dent,8600
1341.jpeg,224,224,door_scratch,1,1,224,224,door_scratch,14000
1342.jpeg,224,224,front_damage,1,30,224,183,front_damage,42000
1343.jpeg,224,224,door_dent,1,1,224,224,door_dent,9600
1344.jpeg,224,224,severe_damage,1,45,224,223,severe_damage,1000000
1345.jpeg,224,224,glass_shatter,1,1,219,224,glass_shatter,14600
1346.jpeg,224,224,head_lamp,1,1,224,224,head_lamp,18000
1347.jpeg,224,224,door_dent,1,1,224,172,door_dent,12300
1348.jpeg,224,224,head_lamp,1,1,224,216,head_lamp,28750
1349.jpeg,224,224,door_scratch,1,1,224,224,door_scratch,14000
135.jpeg,224,224,door_scratch,1,1,224,203,door_scratch,14000
1350.jpeg,224,224,door_dent,1,1,224,203,door_dent,12000
1351.jpeg,224,224,glass_shatter,1,1,224,207,glass_shatter,38750
1352.jpeg,224,224,door_dent,9,60,77,127,door_dent,8200
1353.jpeg,224,224,door_dent,1,1,224,212,door_dent,9600
1354.jpeg,224,224,front_damage,1,1,224,224,front_damage,37800
1355.jpeg,224,224,bumper_scratch,1,1,224,224,bumper_scratch,12500
1356.jpeg,224,224,bumper_dent,21,20,224,215,bumper_dent,8000
1357.jpeg,224,224,severe_damage,1,79,191,224,severe_damage,1000000
1358.jpeg,224,224,door_scratch,1,37,224,199,door_scratch,14000
1359.jpeg,224,224,bumper_dent,104,44,224,194,bumper_dent,8000
136.jpeg,224,224,door_dent,1,1,224,224,door_dent,12000
1360.jpeg,224,224,door_dent,117,75,224,213,door_dent,8200
1361.jpeg,224,224,severe_damage,1,10,224,223,severe_damage,1000000
1362.jpeg,224,224,glass_shatter,1,1,224,224,glass_shatter,26700
1363.jpeg,224,224,severe_damage,1,1,224,202,severe_damage,1000000
1364.jpeg,224,224,bumper_dent,107,98,217,206,bumper_dent,9500
1365.jpeg,224,224,bumper_dent,102,36,222,172,bumper_dent,10200
1366.jpeg,224,224,bumper_scratch,109,45,224,187,bumper_scratch,13700
1367.jpeg,224,224,door_scratch,1,1,224,224,door_scratch,14000
1368.jpeg,224,224,No_Damage,1,103,224,224,No_Damage,0
1369.jpeg,224,224,No_Damage,1,25,224,215,No_Damage,0
137.jpeg,224,224,bumper_scratch,1,1,224,202,bumper_scratch,12600
1370.jpeg,224,224,head_lamp,1,1,224,182,head_lamp,26700
1371.jpeg,224,224,No_Damage,1,23,224,205,No_Damage,0
1372.jpeg,224,224,glass_shatter,1,10,224,224,glass_shatter,30000
1373.jpeg,224,224,bumper_scratch,80,93,163,168,bumper_scratch,13700
1374.jpeg,224,224,No_Damage,1,6,224,224,No_Damage,0
1375.jpeg,224,224,No_Damage,1,50,224,181,No_Damage,0
1376.jpeg,224,224,No_Damage,1,39,224,154,No_Damage,0
1377.jpeg,224,224,head_lamp,1,1,224,202,head_lamp,28750
1378.jpeg,224,224,bumper_dent,1,1,224,224,bumper_dent,9500
1379.jpeg,224,224,door_scratch,1,1,224,224,door_scratch,14000
138.jpeg,224,224,No_Damage,1,30,224,200,No_Damage,0
1380.jpeg,224,224,tail_lamp,78,1,224,224,tail_lamp,19500
1381.jpeg,224,224,door_dent,1,1,223,221,door_dent,9600
1382.jpeg,224,224,severe_damage,20,24,224,205,severe_damage,1000000
1383.jpeg,224,224,front_damage,1,1,224,222,front_damage,36500
1384.jpeg,224,224,glass_shatter,1,1,224,208,glass_shatter,32700
1385.jpeg,224,224,door_scratch,1,83,224,154,door_scratch,14000
1386.jpeg,224,224,door_dent,81,73,170,175,door_dent,6000
1387.jpeg,224,224,front_damage,6,10,224,194,front_damage,41700
1388.jpeg,224,224,No_Damage,1,9,224,212,No_Damage,0
1389.jpeg,224,224,bumper_dent,1,57,224,204,bumper_dent,8500
139.jpeg,224,224,door_scratch,1,1,224,224,door_scratch,14000
1390.jpeg,224,224,No_Damage,1,27,224,179,No_Damage,0
1391.jpeg,224,224,glass_shatter,1,1,224,224,glass_shatter,38750
1392.jpeg,224,224,bumper_scratch,1,1,224,224,bumper_scratch,12800
1393.jpeg,224,224,No_Damage,1,116,224,215,No_Damage,0
1394.jpeg,224,224,door_dent,43,78,178,191,door_dent,6000
1395.jpeg,224,224,door_scratch,23,53,196,168,door_scratch,14000
1396.jpeg,224,224,glass_shatter,1,1,224,224,glass_shatter,26700
1397.jpeg,224,224,door_dent,50,4,187,179,door_dent,12300
1398.jpeg,224,224,door_dent,1,2,196,216,door_dent,12000
1399.jpeg,224,224,bumper_scratch,1,1,222,201,bumper_scratch,10200
14.jpeg,224,224,glass_shatter,1,1,224,224,glass_shatter,30000
140.jpeg,224,224,bumper_scratch,1,1,224,224,bumper_scratch,9500
1400.jpeg,224,224,tail_lamp,1,1,224,223,tail_lamp,24500
1401.jpeg,224,224,door_scratch,1,1,224,224,door_scratch,14000
1402.jpeg,224,224,door_dent,65,33,200,224,door_dent,8200
1403.jpeg,224,224,front_damage,33,53,224,169,front_damage,36800
1404.jpeg,224,224,No_Damage,1,1,224,224,No_Damage,0
1405.jpeg,224,224,glass_shatter,1,1,224,224,glass_shatter,32700
1406.jpeg,224,224,tail_lamp,1,1,224,224,tail_lamp,22700
1407.jpeg,224,224,No_Damage,1,40,224,215,No_Damage,0
1408.jpeg,224,224,head_lamp,1,1,211,224,head_lamp,26700
1409.jpeg,224,224,No_Damage,1,48,224,168,No_Damage,0
141.jpeg,224,224,glass_shatter,1,1,224,224,glass_shatter,30000
1410.jpeg,224,224,No_Damage,1,36,224,207,No_Damage,0
1411.jpeg,224,224,door_dent,1,1,224,222,door_dent,9600
1412.jpeg,224,224,No_Damage,1,64,224,207,No_Damage,0
1413.jpeg,224,224,door_scratch,1,1,224,224,door_scratch,14000
1414.jpeg,224,224,bumper_scratch,1,1,224,224,bumper_scratch,8500
1415.jpeg,224,224,bumper_dent,1,1,224,224,bumper_dent,8000
1416.jpeg,224,224,bumper_dent,1,1,224,224,bumper_dent,8000
1417.jpeg,224,224,No_Damage,1,36,224,224,No_Damage,0
1418.jpeg,224,224,door_dent,150,131,224,224,door_dent,12300
1419.jpeg,224,224,door_dent,50,29,152,161,door_dent,12000
142.jpeg,224,224,No_Damage,1,38,224,208,No_Damage,0
1420.jpeg,224,224,tire_damage,52,59,224,181,tire_damage,18900
1421.jpeg,224,224,No_Damage,19,70,224,192,No_Damage,0
1422.jpeg,224,224,tail_lamp,1,1,102,224,tail_lamp,18900
1423.jpeg,224,224,severe_damage,1,1,224,224,severe_damage,1000000
1424.jpeg,224,224,bumper_dent,1,93,224,224,bumper_dent,9500
1425.jpeg,224,224,tail_lamp,74,60,158,215,tail_lamp,21600
1426.jpeg,224,224,severe_damage,1,1,224,209,severe_damage,1000000
1427.jpeg,224,224,tail_lamp,1,1,224,224,tail_lamp,22800
1428.jpeg,224,224,front_damage,1,1,224,224,front_damage,37800
1429.jpeg,224,224,door_dent,43,49,167,177,door_dent,8200
143.jpeg,224,224,head_lamp,1,1,224,207,head_lamp,28750
1430.jpeg,224,224,tail_lamp,66,1,224,224,tail_lamp,19500
1431.jpeg,224,224,bumper_scratch,1,1,224,224,bumper_scratch,9500
1432.jpeg,224,224,door_scratch,1,7,101,200,door_scratch,14000
1433.jpeg,224,224,head_lamp,102,172,224,224,head_lamp,26700
1434.jpeg,224,224,door_dent,1,1,224,224,door_dent,9600
1435.jpeg,224,224,No_Damage,1,37,224,209,No_Damage,0
1436.jpeg,224,224,door_dent,37,48,135,178,door_dent,12000
1437.jpeg,224,224,bumper_scratch,46,72,179,174,bumper_scratch,10200
1438.jpeg,224,224,door_scratch,1,1,224,224,door_scratch,14000
1439.jpeg,224,224,door_dent,120,40,205,139,door_dent,8200
144.jpeg,224,224,head_lamp,1,1,224,224,head_lamp,28750
1440.jpeg,224,224,severe_damage,1,1,224,224,severe_damage,1000000
1441.jpeg,224,224,severe_damage,1,66,224,205,severe_damage,1000000
1442.jpeg,224,224,glass_shatter,60,1,224,209,glass_shatter,32700
1443.jpeg,224,224,tail_lamp,1,1,224,224,tail_lamp,24500
1444.jpeg,224,224,head_lamp,28,2,224,224,head_lamp,26700
1445.jpeg,224,224,tail_lamp,30,1,157,81,tail_lamp,22700
1446.jpeg,224,224,tail_lamp,1,29,224,224,tail_lamp,18900
1447.jpeg,224,224,head_lamp,50,1,224,224,head_lamp,30000
1448.jpeg,224,224,glass_shatter,1,1,224,224,glass_shatter,30000
1449.jpeg,224,224,door_scratch,1,1,224,222,door_scratch,14000
145.jpeg,224,224,door_dent,1,1,224,224,door_dent,9600
1450.jpeg,224,224,door_scratch,2,68,224,206,door_scratch,14000
1451.jpeg,224,224,glass_shatter,9,1,224,130,glass_shatter,32700
1452.jpeg,224,224,head_lamp,1,1,224,224,head_lamp,32700
1453.jpeg,224,224,door_dent,42,20,167,190,door_dent,6000
1454.jpeg,224,224,door_scratch,1,29,169,224,door_scratch,17300
1455.jpeg,224,224,front_damage,1,29,224,207,front_damage,36500
1456.jpeg,224,224,severe_damage,1,1,224,209,severe_damage,1000000
1457.jpeg,224,224,door_scratch,1,1,224,224,door_scratch,15700
1458.jpeg,224,224,glass_shatter,1,1,204,224,glass_shatter,14600
1459.jpeg,224,224,door_dent,34,22,210,191,door_dent,6000
146.jpeg,224,224,door_scratch,1,1,224,224,door_scratch,14500
1460.jpeg,224,224,door_scratch,1,1,224,199,door_scratch,15600
1461.jpeg,224,224,severe_damage,1,55,224,213,severe_damage,1000000
1462.jpeg,224,224,door_dent,80,44,208,124,door_dent,12300
1463.jpeg,224,224,head_lamp,1,1,224,224,head_lamp,18000
1464.jpeg,224,224,front_damage,16,22,214,188,front_damage,41700
1465.jpeg,224,224,head_lamp,1,27,224,208,head_lamp,28750
1466.jpeg,224,224,head_lamp,60,30,216,165,head_lamp,26700
1467.jpeg,224,224,head_lamp,1,22,224,198,head_lamp,28750
1468.jpeg,224,224,head_lamp,1,46,224,204,head_lamp,26700
1469.jpeg,224,224,head_lamp,1,53,224,203,head_lamp,28750
147.jpeg,224,224,door_scratch,1,1,224,224,door_scratch,14000
1470.jpeg,224,224,severe_damage,1,20,224,224,severe_damage,1000000
1471.jpeg,224,224,No_Damage,1,37,224,196,No_Damage,0
1472.jpeg,224,224,head_lamp,1,71,224,210,head_lamp,26700
1473.jpeg,224,224,glass_shatter,1,12,224,224,glass_shatter,38750
1474.jpeg,224,224,No_Damage,1,13,224,216,No_Damage,0
1475.jpeg,224,224,bumper_dent,1,36,78,133,bumper_dent,10200
1476.jpeg,224,224,tail_lamp,17,1,211,224,tail_lamp,21600
1477.jpeg,224,224,No_Damage,1,30,224,172,No_Damage,0
1478.jpeg,224,224,bumper_dent,95,88,173,168,bumper_dent,9500
1479.jpeg,224,224,front_damage,1,1,224,224,front_damage,36800
148.jpeg,224,224,tail_lamp,1,1,224,224,tail_lamp,22800
1480.jpeg,224,224,severe_damage,1,1,224,205,severe_damage,1000000
1481.jpeg,224,224,door_scratch,1,1,224,122,door_scratch,14000
1482.jpeg,224,224,tail_lamp,1,1,222,224,tail_lamp,24500
1483.jpeg,224,224,severe_damage,1,39,224,170,severe_damage,1000000
1484.jpeg,224,224,door_dent,1,1,224,203,door_dent,12000
1485.jpeg,224,224,door_dent,27,30,150,193,door_dent,8200
1486.jpeg,224,224,severe_damage,1,1,224,224,severe_damage,1000000
1487.jpeg,224,224,No_Damage,1,43,224,171,No_Damage,0
1488.jpeg,224,224,No_Damage,1,64,224,202,No_Damage,0
1489.jpeg,224,224,front_damage,34,97,220,203,front_damage,30000
149.jpeg,224,224,No_Damage,1,31,224,197,No_Damage,0
1490.jpeg,224,224,glass_shatter,1,1,224,211,glass_shatter,26700
1491.jpeg,224,224,No_Damage,1,67,224,190,No_Damage,0
1492.jpeg,224,224,No_Damage,1,16,224,213,No_Damage,0
1493.jpeg,224,224,head_lamp,1,1,224,210,head_lamp,28750
1494.jpeg,224,224,severe_damage,1,40,224,186,severe_damage,1000000
1495.jpeg,224,224,door_scratch,1,1,224,224,door_scratch,17300
1496.jpeg,224,224,front_damage,1,26,224,218,front_damage,42000
1497.jpeg,224,224,bumper_scratch,1,1,224,224,bumper_scratch,12000
1498.jpeg,224,224,head_lamp,1,6,224,170,head_lamp,26700
1499.jpeg,224,224,door_scratch,1,53,224,160,door_scratch,15700
15.jpeg,224,224,Roll-over Damage,1,14,224,205,No_Damage,0
150.jpeg,224,224,head_lamp,1,1,224,213,head_lamp,30000
1500.jpeg,224,224,door_scratch,1,73,224,190,door_scratch,14500
1501.jpeg,224,224,door_dent,1,27,224,195,door_dent,9600
1502.jpeg,224,224,tail_lamp,23,1,224,201,tail_lamp,22700
1503.jpeg,224,224,tail_lamp,1,17,224,184,tail_lamp,18900
1504.jpeg,224,224,tail_lamp,1,1,224,207,tail_lamp,21600
1505.jpeg,224,224,No_Damage,2,51,221,193,No_Damage,0
1506.jpeg,224,224,door_scratch,1,1,224,224,door_scratch,15600
1507.jpeg,224,224,No_Damage,1,66,224,207,No_Damage,0
1508.jpeg,224,224,glass_shatter,1,1,221,224,glass_shatter,30000
1509.jpeg,224,224,No_Damage,1,38,224,150,No_Damage,0
151.jpeg,224,224,door_dent,1,1,224,224,door_dent,12300
1510.jpeg,224,224,head_lamp,1,12,223,193,head_lamp,32700
1511.jpeg,224,224,glass_shatter,1,1,204,202,glass_shatter,32700
152.jpeg,224,224,glass_shatter,1,1,224,224,glass_shatter,38750
153.jpeg,224,224,bumper_dent,1,1,224,224,bumper_dent,8500
154.jpeg,224,224,severe_damage,1,40,224,224,severe_damage,1000000
155.jpeg,224,224,No_Damage,1,59,224,224,No_Damage,0
156.jpeg,224,224,glass_shatter,1,1,224,224,glass_shatter,26700
157.jpeg,224,224,front_damage,1,1,224,224,front_damage,37800
158.jpeg,224,224,door_dent,1,1,224,224,door_dent,12000
159.jpeg,224,224,bumper_dent,1,1,224,209,bumper_dent,10500
16.jpeg,224,224,head_lamp,1,1,224,202,head_lamp,18000
160.jpeg,224,224,severe_damage,1,1,224,224,severe_damage,1000000
161.jpeg,224,224,tail_lamp,1,1,199,224,tail_lamp,22800
162.jpeg,224,224,front_damage,1,51,191,214,front_damage,36500
163.jpeg,224,224,head_lamp,1,1,224,224,head_lamp,28750
164.jpeg,224,224,bumper_dent,1,1,224,224,bumper_dent,8600
165.jpeg,224,224,glass_shatter,1,1,224,224,glass_shatter,30000
166.jpeg,224,224,door_dent,1,1,224,224,door_dent,8200
167.jpeg,224,224,No_Damage,1,39,224,181,No_Damage,0
168.jpeg,224,224,No_Damage,1,63,224,224,No_Damage,0
169.jpeg,224,224,door_scratch,1,1,224,224,door_scratch,14000
17.jpeg,224,224,bumper_dent,1,1,224,223,bumper_dent,8000
170.jpeg,224,224,No_Damage,1,1,224,224,No_Damage,0
171.jpeg,224,224,tail_lamp,1,1,224,210,tail_lamp,19500
172.jpeg,224,224,bumper_scratch,1,1,224,224,bumper_scratch,12500
173.jpeg,224,224,door_scratch,1,1,224,224,door_scratch,14000
174.jpeg,224,224,door_scratch,1,1,224,224,door_scratch,17300
175.jpeg,224,224,bumper_scratch,1,1,224,224,bumper_scratch,13700
176.jpeg,224,224,front_damage,1,1,224,212,front_damage,41700
177.jpeg,224,224,front_damage,1,12,224,224,front_damage,36800
178.jpeg,224,224,glass_shatter,1,1,224,224,glass_shatter,32700
179.jpeg,224,224,tail_lamp,1,1,224,203,tail_lamp,24500
18.jpeg,224,224,glass_shatter,1,1,224,224,glass_shatter,30000
180.jpeg,224,224,No_Damage,1,38,224,201,No_Damage,0
181.jpeg,224,224,door_scratch,1,1,224,224,door_scratch,15700
182.jpeg,224,224,No_Damage,1,21,224,224,No_Damage,0
183.jpeg,224,224,bumper_dent,1,1,224,203,bumper_dent,8000
184.jpeg,224,224,tail_lamp,1,1,224,224,tail_lamp,22700
185.jpeg,224,224,glass_shatter,1,1,224,224,glass_shatter,32700
186.jpeg,224,224,head_lamp,1,1,223,202,head_lamp,26700
187.jpeg,224,224,glass_shatter,1,1,224,176,glass_shatter,30000
188.jpeg,224,224,door_scratch,1,48,222,205,door_scratch,14500
189.jpeg,224,224,tail_lamp,1,1,224,224,tail_lamp,18900
19.jpeg,224,224,Severe_Damage,1,1,224,224,No_Damage,0
190.jpeg,224,224,No_Damage,1,26,224,188,No_Damage,0
191.jpeg,224,224,No_Damage,1,28,224,215,No_Damage,0
192.jpeg,224,224,door_dent,1,1,224,224,door_dent,9600
193.jpeg,224,224,door_dent,1,1,224,202,door_dent,12000
194.jpeg,224,224,door_dent,1,1,224,224,door_dent,8200
195.jpeg,224,224,glass_shatter,1,1,224,210,glass_shatter,32700
196.jpeg,224,224,glass_shatter,1,10,224,224,glass_shatter,14600
197.jpeg,224,224,door_scratch,1,1,224,224,door_scratch,15600
198.jpeg,224,224,bumper_dent,1,1,224,224,bumper_dent,9500
199.jpeg,224,224,No_Damage,1,79,224,224,No_Damage,0
2.jpeg,224,224,door_scratch,1,1,224,224,door_scratch,14000
20.jpeg,224,224,door_dent,1,1,224,224,door_dent,9600
200.jpeg,224,224,door_dent,1,1,224,224,door_dent,6000
201.jpeg,224,224,door_dent,1,1,224,224,door_dent,6000
202.jpeg,224,224,tail_lamp,1,1,224,224,tail_lamp,21600
203.jpeg,224,224,door_dent,1,13,224,181,door_dent,12300
204.jpeg,224,224,door_dent,1,1,224,224,door_dent,12000
205.jpeg,224,224,No_Damage,1,29,224,224,No_Damage,0
206.jpeg,224,224,head_lamp,1,1,224,224,head_lamp,28750
207.jpeg,224,224,bumper_scratch,1,1,224,224,bumper_scratch,12600
208.jpeg,224,224,tail_lamp,1,1,224,224,tail_lamp,22800
209.jpeg,224,224,bumper_dent,1,1,224,222,bumper_dent,10200
21.jpeg,224,224,head_lamp,1,1,224,224,head_lamp,26700
210.jpeg,224,224,glass_shatter,1,1,224,224,glass_shatter,38750
211.jpeg,224,224,severe_damage,1,13,224,198,severe_damage,1000000
212.jpeg,224,224,head_lamp,1,1,224,224,head_lamp,28750
213.jpeg,224,224,door_dent,1,1,224,224,door_dent,8200
214.jpeg,224,224,bumper_dent,1,1,224,224,bumper_dent,9500
215.jpeg,224,224,No_Damage,1,17,224,216,No_Damage,0
216.jpeg,224,224,severe_damage,1,39,216,194,severe_damage,1000000
217.jpeg,224,224,door_dent,1,1,224,194,door_dent,9600
218.jpeg,224,224,door_scratch,1,1,224,224,door_scratch,14000
219.jpeg,224,224,door_scratch,1,1,224,224,door_scratch,17300
22.jpeg,224,224,door_dent,1,1,224,224,door_dent,12300
220.jpeg,224,224,glass_shatter,1,1,224,224,glass_shatter,26700
221.jpeg,224,224,head_lamp,1,1,224,224,head_lamp,26700
222.jpeg,224,224,bumper_dent,1,1,224,224,bumper_dent,8500
223.jpeg,224,224,bumper_scratch,1,1,224,224,bumper_scratch,13700
224.jpeg,224,224,No_Damage,1,40,224,149,No_Damage,0
225.jpeg,224,224,No_Damage,1,47,224,195,No_Damage,0
226.jpeg,224,224,glass_shatter,1,35,224,224,glass_shatter,30000
227.jpeg,224,224,severe_damage,9,39,210,162,severe_damage,1000000
228.jpeg,224,224,No_Damage,1,1,224,224,No_Damage,0
229.jpeg,224,224,No_Damage,1,10,224,185,No_Damage,0
23.jpeg,224,224,tail_lamp,93,1,224,186,tail_lamp,22800
230.jpeg,224,224,No_Damage,1,14,224,224,No_Damage,0
231.jpeg,224,224,severe_damage,1,7,224,223,severe_damage,1000000
232.jpeg,224,224,bumper_scratch,1,1,224,224,bumper_scratch,12800
233.jpeg,224,224,door_dent,1,1,224,224,door_dent,12000
234.jpeg,224,224,bumper_dent,1,1,224,189,bumper_dent,8000
235.jpeg,224,224,door_scratch,1,1,224,224,door_scratch,15700
236.jpeg,224,224,tail_lamp,1,1,224,224,tail_lamp,24500
237.jpeg,224,224,glass_shatter,1,1,224,202,glass_shatter,32700
238.jpeg,224,224,No_Damage,1,17,224,209,No_Damage,0
239.jpeg,224,224,door_dent,1,9,224,224,door_dent,8200
24.jpeg,224,224,door_dent,1,1,224,224,door_dent,9600
240.jpeg,224,224,No_Damage,1,1,224,224,No_Damage,0
241.jpeg,224,224,No_Damage,1,23,224,169,No_Damage,0
242.jpeg,224,224,severe_damage,1,19,224,224,severe_damage,1000000
243.jpeg,224,224,No_Damage,1,37,224,184,No_Damage,0
244.jpeg,224,224,bumper_scratch,1,1,224,224,bumper_scratch,10200
245.jpeg,224,224,glass_shatter,1,1,224,224,glass_shatter,38750
246.jpeg,224,224,No_Damage,1,33,224,209,No_Damage,0
247.jpeg,224,224,tail_lamp,1,1,224,199,tail_lamp,22700
248.jpeg,224,224,bumper_dent,1,1,224,201,bumper_dent,8000
249.jpeg,224,224,tail_lamp,1,1,224,224,tail_lamp,18900
25.jpeg,224,224,Severe_Damage,1,13,224,224,No_Damage,0
250.jpeg,224,224,No_Damage,1,42,224,187,No_Damage,0
251.jpeg,224,224,severe_damage,1,1,224,224,severe_damage,1000000
252.jpeg,224,224,No_Damage,1,37,224,203,No_Damage,0
253.jpeg,224,224,glass_shatter,1,1,224,224,glass_shatter,26700
254.jpeg,224,224,No_Damage,1,1,224,224,No_Damage,0
255.jpeg,224,224,front_damage,1,22,224,201,front_damage,42000
256.jpeg,224,224,glass_shatter,1,1,224,224,glass_shatter,30000
257.jpeg,224,224,front_damage,1,31,224,194,front_damage,37800
258.jpeg,224,224,No_Damage,1,35,223,165,No_Damage,0
259.jpeg,224,224,door_dent,1,1,224,224,door_dent,12000
26.jpeg,224,224,glass_shatter,1,51,224,224,glass_shatter,32700
260.jpeg,224,224,bumper_scratch,1,1,224,224,bumper_scratch,9500
261.jpeg,224,224,door_dent,1,1,224,224,door_dent,8200
262.jpeg,224,224,No_Damage,1,10,224,224,No_Damage,0
263.jpeg,224,224,bumper_scratch,1,1,224,224,bumper_scratch,8500
264.jpeg,224,224,No_Damage,1,37,224,199,No_Damage,0
265.jpeg,224,224,tire_damage,1,1,224,224,tire_damage,21600
266.jpeg,224,224,bumper_dent,1,1,224,224,bumper_dent,9500
267.jpeg,224,224,door_scratch,1,1,224,191,door_scratch,14500
268.jpeg,224,224,No_Damage,1,1,224,183,No_Damage,0
269.jpeg,224,224,No_Damage,1,1,224,224,No_Damage,0
27.jpeg,224,224,bumper_scratch,1,1,224,224,bumper_scratch,9500
270.jpeg,224,224,No_Damage,1,62,224,203,No_Damage,0
271.jpeg,224,224,front_damage,1,1,224,202,front_damage,36500
272.jpeg,224,224,severe_damage,1,1,224,224,severe_damage,1000000
273.jpeg,224,224,severe_damage,1,39,224,212,severe_damage,1000000
274.jpeg,224,224,tail_lamp,1,1,224,224,tail_lamp,21600
275.jpeg,224,224,head_lamp,1,1,224,223,head_lamp,28750
276.jpeg,224,224,door_scratch,1,1,224,224,door_scratch,15600
277.jpeg,224,224,door_dent,1,1,224,224,door_dent,9600
278.jpeg,224,224,severe_damage,1,1,224,224,severe_damage,1000000
279.jpeg,224,224,head_lamp,1,1,224,202,head_lamp,26700
28.jpeg,224,224,No_Damage,1,98,224,223,No_Damage,0
280.jpeg,224,224,door_dent,1,1,224,224,door_dent,6000
281.jpeg,224,224,door_dent,1,1,224,214,door_dent,6000
282.jpeg,224,224,head_lamp,1,1,224,203,head_lamp,30000
283.jpeg,224,224,head_lamp,1,1,224,205,head_lamp,32700
284.jpeg,224,224,glass_shatter,21,13,203,177,glass_shatter,30000
285.jpeg,224,224,tail_lamp,1,1,224,224,tail_lamp,22800
286.jpeg,224,224,glass_shatter,1,30,224,194,glass_shatter,32700
287.jpeg,224,224,severe_damage,1,21,224,205,severe_damage,1000000
288.jpeg,224,224,bumper_dent,1,1,224,222,bumper_dent,10200
289.jpeg,224,224,door_scratch,1,1,224,224,door_scratch,14000
29.jpeg,224,224,door_scratch,1,1,224,224,door_scratch,14000
290.jpeg,224,224,glass_shatter,1,1,224,224,glass_shatter,30000
291.jpeg,224,224,front_damage,1,1,224,204,front_damage,41700
292.jpeg,224,224,bumper_scratch,1,1,224,208,bumper_scratch,10200
293.jpeg,224,224,severe_damage,40,61,224,221,severe_damage,1000000
294.jpeg,224,224,severe_damage,1,1,224,202,severe_damage,1000000
295.jpeg,224,224,bumper_scratch,1,1,224,175,bumper_scratch,12000
296.jpeg,224,224,bumper_scratch,1,1,224,224,bumper_scratch,12500
297.jpeg,224,224,severe_damage,1,1,224,222,severe_damage,1000000
298.jpeg,224,224,front_damage,1,12,224,221,front_damage,36800
299.jpeg,224,224,tail_lamp,1,1,224,224,tail_lamp,19500
3.jpeg,224,224,head_lamp,1,1,224,224,head_lamp,18000
30.jpeg,224,224,tail_lamp,1,1,224,224,tail_lamp,24500
300.jpeg,224,224,No_Damage,1,21,224,216,No_Damage,0
301.jpeg,224,224,door_dent,1,1,224,224,door_dent,12300
302.jpeg,224,224,door_dent,1,1,224,222,door_dent,12000
303.jpeg,224,224,door_dent,1,1,224,224,door_dent,8200
304.jpeg,224,224,door_scratch,1,1,224,224,door_scratch,17300
305.jpeg,224,224,glass_shatter,1,1,224,224,glass_shatter,32700
306.jpeg,224,224,bumper_scratch,1,1,224,201,bumper_scratch,13700
307.jpeg,224,224,bumper_dent,1,1,224,224,bumper_dent,9500
308.jpeg,224,224,bumper_dent,1,1,224,224,bumper_dent,8500
309.jpeg,224,224,No_Damage,1,107,224,217,No_Damage,0
31.jpeg,224,224,Severe_Damage,1,44,224,212,No_Damage,0
310.jpeg,224,224,tail_lamp,1,1,224,224,tail_lamp,22700
311.jpeg,224,224,door_scratch,1,1,224,224,door_scratch,15700
312.jpeg,224,224,No_Damage,1,1,224,223,No_Damage,0
313.jpeg,224,224,front_damage,1,1,224,224,front_damage,37800
314.jpeg,224,224,head_lamp,1,1,224,224,head_lamp,28750
315.jpeg,224,224,severe_damage,32,45,206,197,severe_damage,1000000
316.jpeg,224,224,door_dent,1,1,224,222,door_dent,9600
317.jpeg,224,224,door_scratch,1,1,224,223,door_scratch,14500
318.jpeg,224,224,head_lamp,1,1,224,204,head_lamp,26700
319.jpeg,224,224,tail_lamp,1,1,224,224,tail_lamp,18900
32.jpeg,224,224,door_scratch,1,1,224,224,door_scratch,15600
320.jpeg,224,224,door_dent,1,1,224,224,door_dent,12300
321.jpeg,224,224,head_lamp,1,1,224,202,head_lamp,28750
322.jpeg,224,224,severe_damage,1,32,224,224,severe_damage,1000000
323.jpeg,224,224,door_dent,1,1,224,204,door_dent,12000
324.jpeg,224,224,bumper_dent,1,1,224,209,bumper_dent,10500
325.jpeg,224,224,tail_lamp,1,1,224,207,tail_lamp,21600
326.jpeg,224,224,No_Damage,1,37,224,177,No_Damage,0
327.jpeg,224,224,bumper_scratch,1,1,224,203,bumper_scratch,12600
328.jpeg,224,224,door_dent,1,31,224,207,door_dent,8200
329.jpeg,224,224,door_scratch,1,1,224,204,door_scratch,14000
33.jpeg,224,224,front_damage,1,1,224,223,front_damage,36500
330.jpeg,224,224,front_damage,1,8,224,221,front_damage,41700
331.jpeg,224,224,severe_damage,1,60,224,174,severe_damage,1000000
332.jpeg,224,224,door_dent,1,1,224,205,door_dent,9600
333.jpeg,224,224,No_Damage,1,47,224,224,No_Damage,0
334.jpeg,224,224,door_dent,1,1,224,224,door_dent,12000
335.jpeg,224,224,head_lamp,1,11,224,213,head_lamp,26700
336.jpeg,224,224,No_Damage,1,10,224,224,No_Damage,0
337.jpeg,224,224,No_Damage,22,65,224,204,No_Damage,0
338.jpeg,224,224,door_scratch,1,1,224,224,door_scratch,14000
339.jpeg,224,224,severe_damage,1,49,224,188,severe_damage,1000000
34.jpeg,224,224,tail_lamp,1,1,224,224,tail_lamp,22800
340.jpeg,224,224,bumper_scratch,1,1,224,198,bumper_scratch,13700
341.jpeg,224,224,door_scratch,1,1,224,222,door_scratch,17300
342.jpeg,224,224,No_Damage,1,50,224,209,No_Damage,0
343.jpeg,224,224,No_Damage,1,42,224,210,No_Damage,0
344.jpeg,224,224,severe_damage,1,22,224,216,severe_damage,1000000
345.jpeg,224,224,severe_damage,1,1,224,224,severe_damage,1000000
346.jpeg,224,224,bumper_dent,1,1,224,224,bumper_dent,8600
347.jpeg,224,224,door_scratch,1,1,224,224,door_scratch,15700
348.jpeg,224,224,No_Damage,1,21,224,206,No_Damage,0
349.jpeg,224,224,door_dent,1,1,224,224,door_dent,8200
35.jpeg,224,224,No_Damage,1,36,224,194,No_Damage,0
350.jpeg,224,224,glass_shatter,1,15,224,224,glass_shatter,14600
351.jpeg,224,224,head_lamp,1,1,224,224,head_lamp,28750
352.jpeg,224,224,No_Damage,13,16,224,184,No_Damage,0
353.jpeg,224,224,head_lamp,1,1,224,222,head_lamp,26700
354.jpeg,224,224,door_dent,1,1,224,224,door_dent,9600
355.jpeg,224,224,No_Damage,1,39,224,195,No_Damage,0
356.jpeg,224,224,No_Damage,1,27,224,201,No_Damage,0
357.jpeg,224,224,No_Damage,1,1,224,224,No_Damage,0
358.jpeg,224,224,door_dent,1,1,224,224,door_dent,6000
359.jpeg,224,224,bumper_dent,1,1,224,224,bumper_dent,8000
36.jpeg,224,224,head_lamp,1,1,224,224,head_lamp,28750
360.jpeg,224,224,door_dent,104,17,224,224,door_dent,6000
361.jpeg,224,224,bumper_dent,1,1,224,224,bumper_dent,8000
362.jpeg,224,224,front_damage,1,11,224,201,front_damage,36800
363.jpeg,224,224,glass_shatter,1,1,224,223,glass_shatter,38750
364.jpeg,224,224,head_lamp,1,1,224,224,head_lamp,26700
365.jpeg,224,224,severe_damage,1,1,224,224,severe_damage,1000000
366.jpeg,224,224,No_Damage,1,28,224,207,No_Damage,0
367.jpeg,224,224,bumper_dent,1,1,224,224,bumper_dent,9500
368.jpeg,224,224,bumper_dent,1,1,223,182,bumper_dent,10200
369.jpeg,224,224,bumper_dent,1,1,224,222,bumper_dent,9500
37.jpeg,224,224,No_Damage,1,43,224,186,No_Damage,0
370.jpeg,224,224,No_Damage,11,100,224,224,No_Damage,0
371.jpeg,224,224,bumper_dent,1,1,224,223,bumper_dent,8500
372.jpeg,224,224,head_lamp,1,1,224,210,head_lamp,30000
373.jpeg,224,224,glass_shatter,1,1,224,224,glass_shatter,26700
374.jpeg,224,224,head_lamp,1,1,224,224,head_lamp,32700
375.jpeg,224,224,door_scratch,1,1,224,195,door_scratch,14500
376.jpeg,224,224,head_lamp,1,1,224,201,head_lamp,18000
377.jpeg,224,224,glass_shatter,1,9,224,198,glass_shatter,30000
378.jpeg,224,224,glass_shatter,1,1,224,224,glass_shatter,32700
379.jpeg,224,224,head_lamp,1,1,224,224,head_lamp,28750
38.jpeg,224,224,No_Damage,1,1,224,224,No_Damage,0
380.jpeg,224,224,No_Damage,1,17,224,208,No_Damage,0
381.jpeg,224,224,bumper_scratch,1,11,224,212,bumper_scratch,12800
382.jpeg,224,224,door_dent,1,1,224,224,door_dent,12300
383.jpeg,224,224,severe_damage,1,1,224,222,severe_damage,1000000
384.jpeg,224,224,head_lamp,1,1,224,224,head_lamp,26700
385.jpeg,224,224,glass_shatter,1,7,224,224,glass_shatter,38750
386.jpeg,224,224,head_lamp,1,1,224,208,head_lamp,28750
387.jpeg,224,224,tail_lamp,1,1,224,224,tail_lamp,22800
388.jpeg,224,224,head_lamp,1,1,224,224,head_lamp,26700
389.jpeg,224,224,bumper_dent,1,1,224,224,bumper_dent,8000
39.jpeg,224,224,door_dent,1,1,224,224,door_dent,12000
390.jpeg,224,224,door_scratch,56,58,129,97,door_scratch,15600
391.jpeg,224,224,front_damage,1,1,224,206,front_damage,30000
392.jpeg,224,224,bumper_dent,63,64,187,185,bumper_dent,8000
393.jpeg,224,224,bumper_scratch,1,1,224,223,bumper_scratch,10200
394.jpeg,224,224,bumper_dent,1,12,224,224,bumper_dent,9500
395.jpeg,224,224,head_lamp,1,1,224,224,head_lamp,28750
396.jpeg,224,224,door_dent,1,1,224,224,door_dent,8200
397.jpeg,224,224,bumper_dent,1,1,224,201,bumper_dent,10200
398.jpeg,224,224,tail_lamp,1,1,224,224,tail_lamp,24500
399.jpeg,224,224,severe_damage,16,41,224,223,severe_damage,1000000
4.jpeg,224,224,side_damage,8,79,76,124,side_damage,1000000
40.jpeg,224,224,front_damage,1,1,224,223,front_damage,42000
400.jpeg,224,224,severe_damage,1,51,224,193,severe_damage,1000000
401.jpeg,224,224,head_lamp,1,1,224,209,head_lamp,26700
402.jpeg,224,224,tire_damage,1,1,224,224,tire_damage,22800
403.jpeg,224,224,tail_lamp,1,1,209,209,tail_lamp,22700
404.jpeg,224,224,No_Damage,1,61,224,186,No_Damage,0
405.jpeg,224,224,bumper_dent,125,116,224,156,bumper_dent,9500
406.jpeg,224,224,glass_shatter,1,2,224,202,glass_shatter,26700
407.jpeg,224,224,door_dent,1,1,224,210,door_dent,9600
408.jpeg,224,224,tail_lamp,1,1,224,224,tail_lamp,18900
409.jpeg,224,224,door_scratch,1,1,224,199,door_scratch,14000
41.jpeg,224,224,bumper_dent,1,1,224,185,bumper_dent,8500
410.jpeg,224,224,bumper_scratch,1,1,224,224,bumper_scratch,9500
411.jpeg,224,224,glass_shatter,1,1,224,224,glass_shatter,30000
412.jpeg,224,224,front_damage,132,82,180,150,front_damage,37800
413.jpeg,224,224,bumper_dent,1,1,224,224,bumper_dent,10500
414.jpeg,224,224,bumper_scratch,68,103,167,181,bumper_scratch,8500
415.jpeg,224,224,door_dent,1,1,224,224,door_dent,12300
416.jpeg,224,224,severe_damage,2,14,224,172,severe_damage,1000000
417.jpeg,224,224,door_dent,1,1,224,224,door_dent,12000
418.jpeg,224,224,door_dent,1,1,224,224,door_dent,8200
419.jpeg,224,224,bumper_dent,1,1,224,175,bumper_dent,8600
42.jpeg,224,224,door_scratch,1,1,224,224,door_scratch,14000
420.jpeg,224,224,door_dent,1,1,224,224,door_dent,9600
421.jpeg,224,224,door_dent,78,82,224,173,door_dent,12000
422.jpeg,224,224,tail_lamp,1,18,224,206,tail_lamp,21600
423.jpeg,224,224,No_Damage,1,5,224,209,No_Damage,0
424.jpeg,224,224,tail_lamp,108,1,224,224,tail_lamp,22800
425.jpeg,224,224,glass_shatter,1,1,224,224,glass_shatter,32700
426.jpeg,224,224,door_scratch,1,1,224,224,door_scratch,18000
427.jpeg,224,224,glass_shatter,1,1,224,224,glass_shatter,30000
428.jpeg,224,224,No_Damage,21,48,224,196,No_Damage,0
429.jpeg,224,224,door_scratch,1,1,224,224,door_scratch,16650
43.jpeg,224,224,No_Damage,1,70,224,217,No_Damage,0
430.jpeg,224,224,No_Damage,17,39,207,197,No_Damage,0
431.jpeg,224,224,glass_shatter,1,1,224,224,glass_shatter,32700
432.jpeg,224,224,severe_damage,1,1,224,202,severe_damage,1000000
433.jpeg,224,224,severe_damage,1,40,224,194,severe_damage,1000000
434.jpeg,224,224,head_lamp,37,1,224,99,head_lamp,28750
435.jpeg,224,224,glass_shatter,1,1,224,224,glass_shatter,30000
436.jpeg,224,224,bumper_scratch,1,1,224,224,bumper_scratch,9500
437.jpeg,224,224,door_scratch,1,1,170,159,door_scratch,14000
438.jpeg,224,224,tail_lamp,1,61,135,152,tail_lamp,19500
439.jpeg,224,224,bumper_scratch,1,1,181,207,bumper_scratch,10200
44.jpeg,224,224,door_scratch,1,1,224,224,door_scratch,17300
440.jpeg,224,224,severe_damage,1,1,224,204,severe_damage,1000000
441.jpeg,224,224,door_scratch,1,1,224,224,door_scratch,15700
442.jpeg,224,224,No_Damage,1,37,224,204,No_Damage,0
443.jpeg,224,224,No_Damage,81,79,224,211,No_Damage,0
444.jpeg,224,224,bumper_dent,31,46,153,177,bumper_dent,8000
445.jpeg,224,224,head_lamp,1,1,224,224,head_lamp,26700
446.jpeg,224,224,door_dent,1,1,224,224,door_dent,8200
447.jpeg,224,224,front_damage,1,1,224,222,front_damage,36500
448.jpeg,224,224,door_dent,1,1,224,224,door_dent,9600
449.jpeg,224,224,bumper_dent,1,1,224,202,bumper_dent,8000
45.jpeg,224,224,door_dent,1,17,224,224,door_dent,6000
450.jpeg,224,224,door_dent,1,1,224,205,door_dent,6000
451.jpeg,224,224,tail_lamp,1,1,224,224,tail_lamp,24500
452.jpeg,224,224,No_Damage,1,33,224,190,No_Damage,0
453.jpeg,224,224,tail_lamp,1,1,224,224,tail_lamp,22700
454.jpeg,224,224,glass_shatter,1,1,224,224,glass_shatter,32700
455.jpeg,224,224,head_lamp,1,6,190,171,head_lamp,30000
456.jpeg,224,224,door_dent,127,12,190,224,door_dent,12300
457.jpeg,224,224,head_lamp,1,1,224,224,head_lamp,32700
458.jpeg,224,224,door_dent,1,1,220,224,door_dent,12000
459.jpeg,224,224,head_lamp,19,31,224,215,head_lamp,18000
46.jpeg,224,224,bumper_dent,1,1,224,199,bumper_dent,9500
460.jpeg,224,224,head_lamp,1,1,224,204,head_lamp,28750
461.jpeg,224,224,door_dent,47,73,126,165,door_dent,8200
462.jpeg,224,224,door_dent,1,1,224,171,door_dent,9600
463.jpeg,224,224,door_scratch,1,1,224,224,door_scratch,14500
464.jpeg,224,224,tail_lamp,1,1,224,206,tail_lamp,18900
465.jpeg,224,224,No_Damage,1,56,224,216,No_Damage,0
466.jpeg,224,224,glass_shatter,1,1,224,223,glass_shatter,14600
467.jpeg,224,224,door_dent,1,1,224,224,door_dent,12300
468.jpeg,224,224,door_dent,1,1,224,224,door_dent,12000
469.jpeg,224,224,tail_lamp,1,1,224,204,tail_lamp,21600
47.jpeg,224,224,glass_shatter,1,1,224,224,glass_shatter,38750
470.jpeg,224,224,tail_lamp,1,1,185,210,tail_lamp,22800
471.jpeg,224,224,No_Damage,1,24,224,181,No_Damage,0
472.jpeg,224,224,No_Damage,1,25,224,221,No_Damage,0
473.jpeg,224,224,tail_lamp,83,1,224,224,tail_lamp,22800
474.jpeg,224,224,No_Damage,1,8,224,212,No_Damage,0
475.jpeg,224,224,door_dent,1,1,224,224,door_dent,8200
476.jpeg,224,224,bumper_scratch,1,1,224,224,bumper_scratch,12000
477.jpeg,224,224,head_lamp,1,1,224,183,head_lamp,26700
478.jpeg,224,224,No_Damage,1,49,224,221,No_Damage,0
479.jpeg,224,224,severe_damage,1,49,128,202,severe_damage,1000000
48.jpeg,224,224,No_Damage,1,127,224,217,No_Damage,0
480.jpeg,224,224,door_dent,1,1,224,202,door_dent,9600
481.jpeg,224,224,tail_lamp,1,1,224,223,tail_lamp,24500
482.jpeg,224,224,glass_shatter,1,1,224,214,glass_shatter,26700
483.jpeg,224,224,head_lamp,1,11,224,216,head_lamp,28750
484.jpeg,224,224,glass_shatter,1,1,224,203,glass_shatter,30000
485.jpeg,224,224,glass_shatter,1,12,224,202,glass_shatter,32700
486.jpeg,224,224,door_scratch,1,1,224,223,door_scratch,15600
487.jpeg,224,224,head_lamp,38,28,224,215,head_lamp,26700
488.jpeg,224,224,head_lamp,1,1,224,224,head_lamp,28750
489.jpeg,224,224,glass_shatter,1,1,224,202,glass_shatter,38750
49.jpeg,224,224,bumper_dent,1,1,224,224,bumper_dent,10200
490.jpeg,224,224,door_dent,33,46,174,193,door_dent,12000
491.jpeg,224,224,No_Damage,1,24,224,185,No_Damage,0
492.jpeg,224,224,door_dent,1,1,223,224,door_dent,8200
493.jpeg,224,224,head_lamp,3,3,224,183,head_lamp,26700
494.jpeg,224,224,door_dent,1,27,129,165,door_dent,9600
495.jpeg,224,224,front_damage,1,82,224,212,front_damage,41700
496.jpeg,224,224,glass_shatter,1,1,224,223,glass_shatter,26700
497.jpeg,224,224,bumper_dent,70,1,224,222,bumper_dent,9500
498.jpeg,224,224,bumper_scratch,1,1,224,224,bumper_scratch,12500
499.jpeg,224,224,bumper_scratch,1,1,224,221,bumper_scratch,13700
5.jpeg,224,224,front_damage,15,32,147,174,front_damage,36800
50.jpeg,224,224,door_dent,1,1,224,224,door_dent,6000
500.jpeg,224,224,No_Damage,1,11,224,224,No_Damage,0
501.jpeg,224,224,door_scratch,1,1,224,223,door_scratch,14000
502.jpeg,224,224,No_Damage,1,6,224,214,No_Damage,0
503.jpeg,224,224,severe_damage,1,28,224,214,severe_damage,1000000
504.jpeg,224,224,bumper_dent,1,1,224,224,bumper_dent,8500
505.jpeg,224,224,bumper_dent,1,1,224,192,bumper_dent,8000
506.jpeg,224,224,head_lamp,1,1,224,224,head_lamp,28750
507.jpeg,224,224,glass_shatter,1,19,224,224,glass_shatter,30000
508.jpeg,224,224,bumper_scratch,1,1,224,152,bumper_scratch,12600
509.jpeg,224,224,door_scratch,1,1,224,224,door_scratch,14000
51.jpeg,224,224,door_scratch,1,1,224,224,door_scratch,17300
510.jpeg,224,224,door_scratch,1,1,224,165,door_scratch,15700
511.jpeg,224,224,No_Damage,1,38,224,169,No_Damage,0
512.jpeg,224,224,tail_lamp,1,1,224,224,tail_lamp,22700
513.jpeg,224,224,bumper_dent,118,128,199,198,bumper_dent,8000
514.jpeg,224,224,glass_shatter,1,1,224,224,glass_shatter,32700
515.jpeg,224,224,severe_damage,1,1,224,202,severe_damage,1000000
516.jpeg,224,224,tail_lamp,1,1,224,215,tail_lamp,18900
517.jpeg,224,224,tail_lamp,1,1,224,224,tail_lamp,21600
518.jpeg,224,224,tail_lamp,1,1,151,130,tail_lamp,22800
519.jpeg,224,224,glass_shatter,1,50,224,223,glass_shatter,30000
52.jpeg,224,224,tail_lamp,1,1,224,222,tail_lamp,19500
520.jpeg,224,224,glass_shatter,1,38,224,191,glass_shatter,32700
521.jpeg,224,224,door_scratch,1,48,224,165,door_scratch,14500
522.jpeg,224,224,No_Damage,27,24,224,195,No_Damage,0
523.jpeg,224,224,severe_damage,9,14,224,223,severe_damage,1000000
524.jpeg,224,224,glass_shatter,1,1,224,224,glass_shatter,30000
525.jpeg,224,224,door_scratch,1,1,224,224,door_scratch,15600
526.jpeg,224,224,door_dent,1,1,222,207,door_dent,6000
527.jpeg,224,224,head_lamp,1,1,224,200,head_lamp,26700
528.jpeg,224,224,No_Damage,8,30,213,188,No_Damage,0
529.jpeg,224,224,door_scratch,1,1,224,201,door_scratch,14000
53.jpeg,224,224,Severe_Damage,1,64,224,224,No_Damage,0
530.jpeg,224,224,No_Damage,1,9,224,212,No_Damage,0
531.jpeg,224,224,bumper_dent,1,1,224,223,bumper_dent,9500
532.jpeg,224,224,No_Damage,1,60,223,194,No_Damage,0
533.jpeg,224,224,bumper_dent,1,1,224,216,bumper_dent,10200
533.jpeg,224,224,bumper_dent,72,99,175,185,bumper_dent,9500
534.jpeg,224,224,door_dent,1,1,222,202,door_dent,12300
535.jpeg,224,224,bumper_scratch,1,1,224,202,bumper_scratch,13700
536.jpeg,224,224,head_lamp,1,1,224,202,head_lamp,30000
537.jpeg,224,224,tail_lamp,1,9,177,215,tail_lamp,24500
538.jpeg,224,224,No_Damage,1,16,224,224,No_Damage,0
539.jpeg,224,224,No_Damage,1,21,224,199,No_Damage,0
54.jpeg,224,224,No_Damage,1,106,224,224,No_Damage,0
540.jpeg,224,224,bumper_dent,41,1,224,224,bumper_dent,8500
541.jpeg,224,224,severe_damage,7,30,224,198,severe_damage,1000000
542.jpeg,224,224,severe_damage,1,33,224,224,severe_damage,1000000
543.jpeg,224,224,door_dent,1,1,224,224,door_dent,12000
544.jpeg,224,224,No_Damage,1,20,224,216,No_Damage,0
545.jpeg,224,224,No_Damage,1,47,224,222,No_Damage,0
546.jpeg,224,224,severe_damage,1,1,224,207,severe_damage,1000000
547.jpeg,224,224,head_lamp,1,14,224,209,head_lamp,32700
548.jpeg,224,224,tail_lamp,1,1,224,224,tail_lamp,22700
549.jpeg,224,224,severe_damage,1,1,224,224,severe_damage,1000000
55.jpeg,224,224,door_dent,1,1,223,224,door_dent,8200
550.jpeg,224,224,door_dent,1,1,224,224,door_dent,9600
551.jpeg,224,224,door_dent,1,1,224,224,door_dent,12300
552.jpeg,224,224,head_lamp,1,1,224,224,head_lamp,18000
553.jpeg,224,224,severe_damage,1,14,222,224,severe_damage,1000000
554.jpeg,224,224,door_scratch,92,41,224,199,door_scratch,14000
555.jpeg,224,224,glass_shatter,1,19,224,213,glass_shatter,32700
556.jpeg,224,224,No_Damage,1,52,206,211,No_Damage,0
557.jpeg,224,224,severe_damage,1,1,224,224,severe_damage,1000000
558.jpeg,224,224,door_dent,1,1,224,221,door_dent,12000
559.jpeg,224,224,door_scratch,1,1,224,197,door_scratch,18000
56.jpeg,224,224,bumper_scratch,1,1,224,203,bumper_scratch,12800
560.jpeg,224,224,glass_shatter,1,1,224,221,glass_shatter,14600
561.jpeg,224,224,bumper_dent,1,1,224,224,bumper_dent,10500
562.jpeg,224,224,glass_shatter,1,1,224,214,glass_shatter,38750
563.jpeg,224,224,severe_damage,1,21,224,201,severe_damage,1000000
564.jpeg,224,224,tail_lamp,1,1,224,201,tail_lamp,18900
565.jpeg,224,224,glass_shatter,1,42,224,203,glass_shatter,26700
566.jpeg,224,224,door_scratch,1,1,224,224,door_scratch,16650
567.jpeg,224,224,severe_damage,1,29,224,224,severe_damage,1000000
568.jpeg,224,224,severe_damage,1,1,224,224,severe_damage,1000000
569.jpeg,224,224,glass_shatter,1,1,224,224,glass_shatter,30000
57.jpeg,224,224,No_Damage,1,62,224,190,No_Damage,0
570.jpeg,224,224,head_lamp,2,1,224,223,head_lamp,28750
571.jpeg,224,224,No_Damage,1,18,224,200,No_Damage,0
572.jpeg,224,224,door_scratch,1,1,224,223,door_scratch,14000
573.jpeg,224,224,bumper_scratch,1,1,224,202,bumper_scratch,10200
574.jpeg,224,224,door_dent,1,1,224,224,door_dent,8200
575.jpeg,224,224,bumper_scratch,1,1,224,224,bumper_scratch,9500
576.jpeg,224,224,bumper_dent,1,1,224,224,bumper_dent,8600
577.jpeg,224,224,glass_shatter,1,1,224,224,glass_shatter,32700
578.jpeg,224,224,bumper_dent,98,121,171,208,bumper_dent,8000
579.jpeg,224,224,head_lamp,1,1,224,202,head_lamp,26700
58.jpeg,224,224,door_dent,1,1,224,224,door_dent,9600
580.jpeg,224,224,head_lamp,1,1,224,224,head_lamp,28750
581.jpeg,224,224,bumper_dent,1,1,224,224,bumper_dent,8000
582.jpeg,224,224,severe_damage,1,16,224,204,severe_damage,1000000
583.jpeg,224,224,severe_damage,1,1,224,206,severe_damage,1000000
584.jpeg,224,224,No_Damage,1,72,224,211,No_Damage,0
585.jpeg,224,224,No_Damage,1,49,224,198,No_Damage,0
586.jpeg,224,224,bumper_dent,145,64,224,223,bumper_dent,9500
587.jpeg,224,224,tail_lamp,1,1,224,210,tail_lamp,21600
588.jpeg,224,224,door_dent,1,1,174,200,door_dent,12000
589.jpeg,224,224,bumper_scratch,1,1,224,208,bumper_scratch,8500
59.jpeg,224,224,front_damage,1,1,224,224,front_damage,42000
590.jpeg,224,224,head_lamp,12,100,172,224,head_lamp,26700
591.jpeg,224,224,head_lamp,1,1,224,224,head_lamp,28750
592.jpeg,224,224,door_scratch,1,1,222,224,door_scratch,17300
593.jpeg,224,224,door_scratch,1,1,224,224,door_scratch,15700
594.jpeg,224,224,door_dent,1,1,224,204,door_dent,8200
595.jpeg,224,224,door_scratch,1,1,224,224,door_scratch,14500
596.jpeg,224,224,glass_shatter,1,1,224,224,glass_shatter,38750
597.jpeg,224,224,No_Damage,1,38,224,170,No_Damage,0
598.jpeg,224,224,bumper_dent,146,44,224,184,bumper_dent,10200
599.jpeg,224,224,No_Damage,2,40,224,193,No_Damage,0
6.jpeg,224,224,glass_shatter,61,43,224,190,glass_shatter,26700
60.jpeg,224,224,door_dent,1,1,224,198,door_dent,9600
600.jpeg,224,224,No_Damage,1,12,224,218,No_Damage,0
601.jpeg,224,224,door_dent,1,1,224,204,door_dent,6000
602.jpeg,224,224,front_damage,69,35,224,221,front_damage,37800
603.jpeg,224,224,head_lamp,57,1,224,224,head_lamp,26700
604.jpeg,224,224,severe_damage,1,10,155,165,severe_damage,1000000
605.jpeg,224,224,severe_damage,1,34,224,200,severe_damage,1000000
606.jpeg,224,224,bumper_scratch,1,1,224,224,bumper_scratch,9500
607.jpeg,224,224,bumper_scratch,1,25,224,174,bumper_scratch,10200
608.jpeg,224,224,door_scratch,92,51,224,183,door_scratch,15600
609.jpeg,224,224,door_dent,46,1,206,202,door_dent,6000
61.jpeg,224,224,sever_damage,1,24,224,220,No_Damage,0
610.jpeg,224,224,front_damage,1,1,224,224,front_damage,36500
611.jpeg,224,224,door_scratch,65,93,164,158,door_scratch,14000
612.jpeg,224,224,tail_lamp,1,1,224,224,tail_lamp,22800
613.jpeg,224,224,No_Damage,1,29,224,191,No_Damage,0
614.jpeg,224,224,tail_lamp,1,1,224,224,tail_lamp,22800
615.jpeg,224,224,No_Damage,1,25,224,184,No_Damage,0
616.jpeg,224,224,bumper_dent,1,40,152,217,bumper_dent,9500
617.jpeg,224,224,No_Damage,1,19,224,219,No_Damage,0
618.jpeg,224,224,bumper_scratch,1,37,224,203,bumper_scratch,12000
619.jpeg,224,224,severe_damage,1,17,224,170,severe_damage,1000000
62.jpeg,224,224,sever_damage,1,52,224,209,No_Damage,0
620.jpeg,224,224,No_Damage,1,15,224,164,No_Damage,0
621.jpeg,224,224,glass_shatter,1,1,224,202,glass_shatter,30000
622.jpeg,224,224,tail_lamp,1,1,223,202,tail_lamp,24500
623.jpeg,224,224,head_lamp,1,1,224,224,head_lamp,28750
624.jpeg,224,224,door_scratch,1,2,224,224,door_scratch,14000
625.jpeg,224,224,No_Damage,1,65,224,173,No_Damage,0
626.jpeg,224,224,glass_shatter,1,1,224,201,glass_shatter,32700
627.jpeg,224,224,bumper_scratch,1,1,224,224,bumper_scratch,12500
628.jpeg,224,224,No_Damage,22,27,200,203,No_Damage,0
629.jpeg,224,224,bumper_dent,1,1,224,224,bumper_dent,8500
63.jpeg,224,224,door_scratch,1,1,224,224,door_scratch,17300
630.jpeg,224,224,door_scratch,1,1,224,221,door_scratch,15700
631.jpeg,224,224,bumper_scratch,1,1,116,212,bumper_scratch,13700
632.jpeg,224,224,severe_damage,1,1,224,224,severe_damage,1000000
633.jpeg,224,224,No_Damage,1,45,224,200,No_Damage,0
634.jpeg,224,224,head_lamp,5,1,224,187,head_lamp,26700
635.jpeg,224,224,door_scratch,1,1,224,224,door_scratch,14500
636.jpeg,224,224,No_Damage,1,52,224,192,No_Damage,0
637.jpeg,224,224,severe_damage,36,76,224,217,severe_damage,1000000
638.jpeg,224,224,No_Damage,1,57,224,198,No_Damage,0
639.jpeg,224,224,glass_shatter,1,11,224,224,glass_shatter,30000
64.jpeg,224,224,tail_lamp,1,1,224,224,tail_lamp,22700
640.jpeg,224,224,door_scratch,1,1,224,198,door_scratch,15600
641.jpeg,224,224,door_scratch,1,2,224,224,door_scratch,14000
642.jpeg,224,224,bumper_dent,1,1,224,224,bumper_dent,8000
643.jpeg,224,224,door_dent,1,1,224,224,door_dent,12300
644.jpeg,224,224,tail_lamp,1,1,224,224,tail_lamp,18900
645.jpeg,224,224,tail_lamp,1,1,224,206,tail_lamp,21600
646.jpeg,224,224,severe_damage,1,1,224,224,severe_damage,1000000
647.jpeg,224,224,tail_lamp,1,1,224,202,tail_lamp,22800
648.jpeg,224,224,bumper_scratch,1,1,224,224,bumper_scratch,12600
649.jpeg,224,224,door_dent,1,1,224,205,door_dent,12000
65.jpeg,224,224,tail_lamp,1,1,224,224,tail_lamp,19500
650.jpeg,224,224,head_lamp,1,1,224,224,head_lamp,30000
651.jpeg,224,224,tail_lamp,1,1,223,223,tail_lamp,24500
652.jpeg,224,224,glass_shatter,1,27,224,224,glass_shatter,32700
653.jpeg,224,224,No_Damage,23,10,224,174,No_Damage,0
654.jpeg,224,224,bumper_dent,1,1,224,159,bumper_dent,8000
655.jpeg,224,224,front_damage,1,1,224,219,front_damage,41700
656.jpeg,224,224,head_lamp,1,1,224,202,head_lamp,32700
657.jpeg,224,224,door_dent,1,1,224,224,door_dent,8200
658.jpeg,224,224,severe_damage,1,24,224,199,severe_damage,1000000
659.jpeg,224,224,door_dent,1,2,224,224,door_dent,9600
66.jpeg,224,224,glass_shatter,1,1,224,224,glass_shatter,30000
660.jpeg,224,224,No_Damage,1,34,224,190,No_Damage,0
661.jpeg,224,224,No_Damage,1,17,206,189,No_Damage,0
662.jpeg,224,224,door_scratch,1,1,224,224,door_scratch,14000
663.jpeg,224,224,glass_shatter,1,1,224,224,glass_shatter,32700
664.jpeg,224,224,No_Damage,1,103,224,196,No_Damage,0
665.jpeg,224,224,No_Damage,1,29,224,217,No_Damage,0
666.jpeg,224,224,bumper_dent,1,1,224,224,bumper_dent,9500
667.jpeg,224,224,bumper_dent,1,1,224,192,bumper_dent,10200
668.jpeg,224,224,head_lamp,1,1,224,224,head_lamp,18000
669.jpeg,224,224,head_lamp,1,1,224,172,head_lamp,28750
67.jpeg,224,224,glass_shatter,1,1,224,224,glass_shatter,14600
670.jpeg,224,224,tail_lamp,1,11,224,224,tail_lamp,22700
671.jpeg,224,224,severe_damage,1,1,224,224,severe_damage,1000000
672.jpeg,224,224,head_lamp,1,1,224,224,head_lamp,26700
673.jpeg,224,224,door_scratch,1,1,224,224,door_scratch,18000
674.jpeg,224,224,No_Damage,1,1,224,224,No_Damage,0
675.jpeg,224,224,door_dent,42,1,224,224,door_dent,12300
676.jpeg,224,224,No_Damage,1,58,208,180,No_Damage,0
677.jpeg,224,224,No_Damage,1,48,224,190,No_Damage,0
678.jpeg,224,224,glass_shatter,1,1,224,224,glass_shatter,38750
679.jpeg,224,224,No_Damage,1,40,224,179,No_Damage,0
68.jpeg,224,224,glass_shatter,1,1,224,224,glass_shatter,26700
680.jpeg,224,224,bumper_dent,1,1,224,220,bumper_dent,9500
681.jpeg,224,224,head_lamp,1,1,224,214,head_lamp,28750
682.jpeg,224,224,head_lamp,88,1,224,217,head_lamp,26700
683.jpeg,224,224,glass_shatter,1,1,224,224,glass_shatter,30000
684.jpeg,224,224,No_Damage,5,56,223,224,No_Damage,0
685.jpeg,224,224,No_Damage,1,31,223,200,No_Damage,0
686.jpeg,224,224,head_lamp,1,1,224,223,head_lamp,28750
687.jpeg,224,224,door_scratch,1,1,224,224,door_scratch,16650
688.jpeg,224,224,glass_shatter,1,13,224,215,glass_shatter,32700
689.jpeg,224,224,front_damage,1,1,224,201,front_damage,36800
69.jpeg,224,224,front_damage,1,1,224,224,front_damage,37800
690.jpeg,224,224,severe_damage,1,67,126,133,severe_damage,1000000
691.jpeg,224,224,tail_lamp,1,1,224,224,tail_lamp,18900
692.jpeg,224,224,tail_lamp,1,1,224,224,tail_lamp,21600
693.jpeg,224,224,bumper_dent,1,1,224,224,bumper_dent,8500
694.jpeg,224,224,tail_lamp,1,1,224,207,tail_lamp,22800
695.jpeg,224,224,tail_lamp,1,1,224,203,tail_lamp,22800
696.jpeg,224,224,head_lamp,1,1,224,224,head_lamp,26700
697.jpeg,224,224,head_lamp,1,1,224,224,head_lamp,28750
698.jpeg,224,224,door_dent,1,1,224,198,door_dent,12000
699.jpeg,224,224,head_lamp,1,1,224,209,head_lamp,26700
7.jpeg,224,224,front_side_damage,61,45,224,189,No_Damage,0
70.jpeg,224,224,door_dent,1,1,187,224,door_dent,8200
700.jpeg,224,224,No_Damage,1,40,224,184,No_Damage,0
701.jpeg,224,224,bumper_dent,1,1,224,224,bumper_dent,10500
702.jpeg,224,224,door_dent,1,1,224,223,door_dent,9600
703.jpeg,224,224,bumper_dent,1,1,223,202,bumper_dent,8600
704.jpeg,224,224,head_lamp,1,1,224,202,head_lamp,30000
705.jpeg,224,224,severe_damage,1,57,224,195,severe_damage,1000000
706.jpeg,224,224,No_Damage,1,58,224,223,No_Damage,0
707.jpeg,224,224,tail_lamp,1,1,224,209,tail_lamp,24500
708.jpeg,224,224,door_scratch,1,1,223,224,door_scratch,14000
709.jpeg,224,224,No_Damage,1,16,224,202,No_Damage,0
71.jpeg,224,224,No_Damage,1,1,224,224,No_Damage,0
710.jpeg,224,224,No_Damage,1,1,224,224,No_Damage,0
711.jpeg,224,224,head_lamp,1,1,224,224,head_lamp,32700
712.jpeg,224,224,glass_shatter,1,1,224,224,glass_shatter,38750
713.jpeg,224,224,front_damage,1,13,224,165,front_damage,36500
714.jpeg,224,224,bumper_scratch,1,1,224,224,bumper_scratch,13700
715.jpeg,224,224,No_Damage,21,116,201,213,No_Damage,0
716.jpeg,224,224,tail_lamp,1,1,224,224,tail_lamp,22700
717.jpeg,224,224,No_Damage,1,1,224,224,No_Damage,0
718.jpeg,224,224,tail_lamp,1,1,221,221,tail_lamp,18900
719.jpeg,224,224,door_dent,1,1,224,173,door_dent,12000
72.jpeg,224,224,head_lamp,1,1,224,210,head_lamp,18000
720.jpeg,224,224,door_dent,1,1,224,207,door_dent,8200
721.jpeg,224,224,door_dent,1,1,207,224,door_dent,9600
722.jpeg,224,224,front_damage,1,1,224,224,front_damage,41700
723.jpeg,224,224,tail_lamp,1,1,223,207,tail_lamp,21600
724.jpeg,224,224,glass_shatter,1,2,224,224,glass_shatter,26700
725.jpeg,224,224,door_scratch,1,1,224,224,door_scratch,17300
726.jpeg,224,224,front_damage,1,1,224,224,front_damage,36800
727.jpeg,224,224,tail_lamp,1,1,224,224,tail_lamp,22800
728.jpeg,224,224,bumper_scratch,137,44,224,223,bumper_scratch,12800
729.jpeg,224,224,door_scratch,1,1,224,210,door_scratch,15700
73.jpeg,224,224,No_Damage,1,33,224,207,No_Damage,0
730.jpeg,224,224,bumper_dent,1,1,224,195,bumper_dent,8000
731.jpeg,224,224,severe_damage,1,40,196,193,severe_damage,1000000
732.jpeg,224,224,front_damage,1,1,215,221,front_damage,30000
733.jpeg,224,224,door_dent,1,1,224,224,door_dent,6000
734.jpeg,224,224,head_lamp,1,1,224,207,head_lamp,28750
735.jpeg,224,224,door_scratch,1,1,224,224,door_scratch,14500
736.jpeg,224,224,bumper_scratch,1,1,224,224,bumper_scratch,10200
737.jpeg,224,224,door_dent,105,86,175,161,door_dent,6000
738.jpeg,224,224,severe_damage,1,49,187,182,severe_damage,1000000
739.jpeg,224,224,door_dent,1,1,224,222,door_dent,12300
74.jpeg,224,224,sever_damage,1,53,224,224,No_Damage,0
740.jpeg,224,224,door_scratch,1,1,224,224,door_scratch,15600
741.jpeg,224,224,No_Damage,1,8,224,224,No_Damage,0
742.jpeg,224,224,door_dent,1,1,224,224,door_dent,12000
743.jpeg,224,224,No_Damage,1,30,224,211,No_Damage,0
744.jpeg,224,224,severe_damage,1,6,224,224,severe_damage,1000000
745.jpeg,224,224,door_dent,105,76,167,144,door_dent,8200
746.jpeg,224,224,No_Damage,1,52,224,198,No_Damage,0
747.jpeg,224,224,door_dent,1,1,224,224,door_dent,9600
748.jpeg,224,224,bumper_scratch,1,1,224,222,bumper_scratch,9500
749.jpeg,224,224,No_Damage,1,56,214,212,No_Damage,0
75.jpeg,224,224,No_Damage,1,1,224,224,No_Damage,0
750.jpeg,224,224,severe_damage,1,43,224,179,severe_damage,1000000
751.jpeg,224,224,No_Damage,1,35,224,191,No_Damage,0
752.jpeg,224,224,head_lamp,1,1,224,224,head_lamp,26700
753.jpeg,224,224,tail_lamp,1,18,224,224,tail_lamp,19500
754.jpeg,224,224,glass_shatter,1,1,224,201,glass_shatter,30000
755.jpeg,224,224,No_Damage,12,52,219,202,No_Damage,0
756.jpeg,224,224,No_Damage,1,36,224,210,No_Damage,0
757.jpeg,224,224,bumper_scratch,1,1,224,224,bumper_scratch,8500
758.jpeg,224,224,bumper_scratch,1,1,224,224,bumper_scratch,9500
759.jpeg,224,224,No_Damage,1,1,224,224,No_Damage,0
76.jpeg,224,224,No_Damage,1,26,224,199,No_Damage,0
760.jpeg,224,224,tail_lamp,1,1,224,224,tail_lamp,24500
761.jpeg,224,224,glass_shatter,1,1,224,224,glass_shatter,32700
762.jpeg,224,224,door_dent,1,1,224,224,door_dent,12300
763.jpeg,224,224,No_Damage,1,81,224,192,No_Damage,0
764.jpeg,224,224,bumper_scratch,1,1,224,184,bumper_scratch,10200
765.jpeg,224,224,bumper_dent,1,1,224,207,bumper_dent,8000
766.jpeg,224,224,door_dent,1,19,224,204,door_dent,12000
767.jpeg,224,224,bumper_dent,1,1,224,214,bumper_dent,9500
768.jpeg,224,224,severe_damage,1,19,224,224,severe_damage,1000000
769.jpeg,224,224,glass_shatter,1,1,224,224,glass_shatter,30000
77.jpeg,224,224,glass_shatter,1,1,224,200,glass_shatter,32700
770.jpeg,224,224,head_lamp,1,1,214,209,head_lamp,28750
771.jpeg,224,224,No_Damage,1,10,224,215,No_Damage,0
772.jpeg,224,224,No_Damage,1,30,224,188,No_Damage,0
773.jpeg,224,224,head_lamp,1,1,224,224,head_lamp,26700
774.jpeg,224,224,tail_lamp,1,1,224,208,tail_lamp,22700
775.jpeg,224,224,door_scratch,1,1,224,203,door_scratch,14000
776.jpeg,224,224,bumper_scratch,1,1,224,224,bumper_scratch,12000
777.jpeg,224,224,head_lamp,1,1,224,213,head_lamp,28750
778.jpeg,224,224,head_lamp,1,1,224,224,head_lamp,26700
779.jpeg,224,224,glass_shatter,1,1,224,224,glass_shatter,30000
78.jpeg,224,224,door_dent,1,1,224,224,door_dent,8200
780.jpeg,224,224,No_Damage,1,30,224,196,No_Damage,0
781.jpeg,224,224,bumper_scratch,1,1,224,224,bumper_scratch,12500
782.jpeg,224,224,door_dent,1,1,224,224,door_dent,9600
783.jpeg,224,224,No_Damage,1,16,224,221,No_Damage,0
784.jpeg,224,224,bumper_scratch,1,1,224,212,bumper_scratch,13700
785.jpeg,224,224,bumper_scratch,1,1,224,224,bumper_scratch,12600
786.jpeg,224,224,door_dent,1,1,224,224,door_dent,12000
787.jpeg,224,224,head_lamp,1,1,224,223,head_lamp,28750
788.jpeg,224,224,door_dent,1,1,224,224,door_dent,8200
789.jpeg,224,224,glass_shatter,63,29,224,185,glass_shatter,32700
79.jpeg,224,224,No_Damage,1,37,224,194,No_Damage,0
790.jpeg,224,224,tail_lamp,1,1,224,224,tail_lamp,18900
791.jpeg,224,224,severe_damage,1,1,224,203,severe_damage,1000000
792.jpeg,224,224,door_dent,1,1,224,224,door_dent,9600
793.jpeg,224,224,No_Damage,1,66,224,200,No_Damage,0
794.jpeg,224,224,door_dent,1,1,224,202,door_dent,6000
795.jpeg,224,224,door_scratch,1,2,224,224,door_scratch,14000
796.jpeg,224,224,No_Damage,1,41,224,215,No_Damage,0
797.jpeg,224,224,head_lamp,1,1,224,224,head_lamp,26700
798.jpeg,224,224,No_Damage,1,36,224,207,No_Damage,0
799.jpeg,224,224,door_dent,1,1,224,224,door_dent,6000
8.jpeg,224,224,tail_lamp,70,17,135,215,tail_lamp,21600
80.jpeg,224,224,No_Damage,1,34,224,200,No_Damage,0
800.jpeg,224,224,head_lamp,1,1,224,204,head_lamp,30000
801.jpeg,224,224,tail_lamp,1,1,224,224,tail_lamp,22800
802.jpeg,224,224,bumper_dent,1,1,224,224,bumper_dent,10200
803.jpeg,224,224,No_Damage,1,1,224,224,No_Damage,0
804.jpeg,224,224,door_dent,1,1,221,224,door_dent,12300
805.jpeg,224,224,front_damage,5,58,209,198,front_damage,42000
806.jpeg,224,224,bumper_dent,1,1,224,203,bumper_dent,9500
807.jpeg,224,224,tail_lamp,1,1,224,224,tail_lamp,22800
808.jpeg,224,224,No_Damage,1,1,224,224,No_Damage,0
809.jpeg,224,224,door_scratch,1,1,223,224,door_scratch,17300
81.jpeg,224,224,No_Damage,1,1,223,224,No_Damage,0
810.jpeg,224,224,glass_shatter,1,1,224,224,glass_shatter,14600
811.jpeg,224,224,door_dent,1,1,224,224,door_dent,12000
812.jpeg,224,224,door_dent,1,1,224,183,door_dent,8200
813.jpeg,224,224,bumper_scratch,1,1,224,224,bumper_scratch,13700
814.jpeg,224,224,bumper_dent,1,1,224,224,bumper_dent,8500
815.jpeg,224,224,bumper_dent,1,1,224,166,bumper_dent,8000
816.jpeg,224,224,bumper_scratch,1,1,224,224,bumper_scratch,12800
817.jpeg,224,224,tail_lamp,1,1,224,209,tail_lamp,24500
818.jpeg,224,224,bumper_scratch,1,10,99,224,bumper_scratch,10200
819.jpeg,224,224,No_Damage,1,84,224,222,No_Damage,0
82.jpeg,224,224,front_damage,1,1,224,221,front_damage,37800
820.jpeg,224,224,door_dent,1,1,224,201,door_dent,9600
821.jpeg,224,224,glass_shatter,1,1,224,224,glass_shatter,38750
822.jpeg,224,224,No_Damage,1,1,224,224,No_Damage,0
823.jpeg,224,224,head_lamp,1,1,223,202,head_lamp,32700
824.jpeg,224,224,No_Damage,1,57,224,209,No_Damage,0
825.jpeg,224,224,glass_shatter,1,1,224,223,glass_shatter,26700
826.jpeg,224,224,No_Damage,1,105,224,215,No_Damage,0
827.jpeg,224,224,No_Damage,1,12,224,197,No_Damage,0
828.jpeg,224,224,door_dent,1,1,224,224,door_dent,12300
829.jpeg,224,224,door_scratch,1,1,224,224,door_scratch,15700
83.jpeg,224,224,bumper_dent,1,1,224,176,bumper_dent,8000
830.jpeg,224,224,severe_damage,1,1,224,212,severe_damage,1000000
831.jpeg,224,224,door_scratch,1,1,224,202,door_scratch,14500
832.jpeg,224,224,glass_shatter,1,1,224,224,glass_shatter,30000
833.jpeg,224,224,door_dent,1,1,224,216,door_dent,12000
834.jpeg,224,224,head_lamp,1,1,224,224,head_lamp,18000
835.jpeg,224,224,glass_shatter,1,1,224,224,glass_shatter,32700
836.jpeg,224,224,tail_lamp,1,1,224,209,tail_lamp,22700
837.jpeg,224,224,bumper_dent,1,1,224,203,bumper_dent,9500
838.jpeg,224,224,front_damage,57,65,181,145,front_damage,36500
839.jpeg,224,224,front_damage,1,3,224,216,front_damage,41700
84.jpeg,224,224,No_Damage,1,28,224,193,No_Damage,0
840.jpeg,224,224,tail_lamp,1,1,224,224,tail_lamp,18900
841.jpeg,224,224,No_Damage,1,48,224,166,No_Damage,0
842.jpeg,224,224,glass_shatter,1,1,224,224,glass_shatter,38750
843.jpeg,224,224,glass_shatter,21,51,161,123,glass_shatter,26700
844.jpeg,224,224,door_dent,1,1,224,192,door_dent,8200
845.jpeg,224,224,No_Damage,1,92,224,198,No_Damage,0
846.jpeg,224,224,door_dent,1,1,224,224,door_dent,9600
847.jpeg,224,224,head_lamp,1,1,224,208,head_lamp,28750
848.jpeg,224,224,door_dent,1,1,224,222,door_dent,12000
849.jpeg,224,224,door_dent,1,1,224,224,door_dent,8200
85.jpeg,224,224,glass_shatter,1,1,224,224,glass_shatter,30000
850.jpeg,224,224,door_scratch,1,1,224,223,door_scratch,15600
851.jpeg,224,224,No_Damage,14,107,224,194,No_Damage,0
852.jpeg,224,224,No_Damage,1,66,224,211,No_Damage,0
853.jpeg,224,224,severe_damage,1,39,224,184,severe_damage,1000000
854.jpeg,224,224,door_scratch,1,1,203,224,door_scratch,14000
855.jpeg,224,224,No_Damage,1,30,224,191,No_Damage,0
856.jpeg,224,224,head_lamp,1,8,224,202,head_lamp,26700
857.jpeg,224,224,tail_lamp,25,1,138,202,tail_lamp,21600
858.jpeg,224,224,glass_shatter,1,1,224,224,glass_shatter,32700
859.jpeg,224,224,front_damage,1,35,224,224,front_damage,36800
86.jpeg,224,224,bumper_dent,1,1,224,224,bumper_dent,10200
860.jpeg,224,224,door_dent,1,1,224,215,door_dent,9600
861.jpeg,224,224,door_scratch,1,131,155,209,door_scratch,14000
862.jpeg,224,224,head_lamp,1,1,224,224,head_lamp,28750
863.jpeg,224,224,head_lamp,1,1,139,224,head_lamp,26700
864.jpeg,224,224,severe_damage,1,1,224,198,severe_damage,1000000
865.jpeg,224,224,head_lamp,1,1,224,206,head_lamp,28750
866.jpeg,224,224,bumper_scratch,1,1,224,210,bumper_scratch,9500
867.jpeg,224,224,glass_shatter,19,12,194,199,glass_shatter,30000
868.jpeg,224,224,door_scratch,1,79,224,224,door_scratch,18000
869.jpeg,224,224,door_scratch,1,1,224,224,door_scratch,16650
87.jpeg,224,224,bumper_dent,1,1,224,224,bumper_dent,9500
870.jpeg,224,224,tail_lamp,20,1,224,224,tail_lamp,22800
871.jpeg,224,224,No_Damage,1,37,224,185,No_Damage,0
872.jpeg,224,224,No_Damage,1,1,224,224,No_Damage,0
873.jpeg,224,224,door_scratch,1,54,224,129,door_scratch,14000
874.jpeg,224,224,bumper_dent,1,1,224,224,bumper_dent,8500
875.jpeg,224,224,bumper_scratch,89,57,183,147,bumper_scratch,8500
876.jpeg,224,224,tail_lamp,1,1,224,202,tail_lamp,19500
877.jpeg,224,224,No_Damage,1,52,224,201,No_Damage,0
878.jpeg,224,224,front_damage,82,46,224,207,front_damage,36800
879.jpeg,224,224,door_scratch,1,31,224,193,door_scratch,17300
88.jpeg,224,224,door_dent,1,1,224,210,door_dent,6000
880.jpeg,224,224,No_Damage,1,37,224,205,No_Damage,0
881.jpeg,224,224,door_dent,1,1,224,224,door_dent,6000
882.jpeg,224,224,bumper_dent,1,1,189,224,bumper_dent,10500
883.jpeg,224,224,door_scratch,1,1,224,224,door_scratch,15700
884.jpeg,224,224,bumper_dent,124,98,217,188,bumper_dent,8600
885.jpeg,224,224,tail_lamp,65,2,224,203,tail_lamp,24500
886.jpeg,224,224,No_Damage,1,62,224,197,No_Damage,0
887.jpeg,224,224,head_lamp,1,1,224,224,head_lamp,26700
888.jpeg,224,224,bumper_dent,29,59,189,190,bumper_dent,8000
889.jpeg,224,224,head_lamp,1,1,224,224,head_lamp,28750
89.jpeg,224,224,door_scratch,1,1,224,207,door_scratch,14500
890.jpeg,224,224,door_dent,1,1,224,224,door_dent,12300
891.jpeg,224,224,door_scratch,1,2,224,224,door_scratch,15600
892.jpeg,224,224,glass_shatter,1,1,224,224,glass_shatter,32700
893.jpeg,224,224,tail_lamp,1,1,224,224,tail_lamp,22700
894.jpeg,224,224,tail_lamp,1,1,224,224,tail_lamp,18900
895.jpeg,224,224,head_lamp,2,1,224,203,head_lamp,26700
896.jpeg,224,224,No_Damage,1,31,224,197,No_Damage,0
897.jpeg,224,224,door_dent,1,1,224,224,door_dent,12000
898.jpeg,224,224,door_dent,49,95,224,217,door_dent,8200
899.jpeg,224,224,tail_lamp,1,1,224,135,tail_lamp,21600
9.jpeg,224,224,bumper_dent,1,1,224,216,bumper_dent,8000
90.jpeg,224,224,bumper_scratch,1,1,224,223,bumper_scratch,9500
900.jpeg,224,224,door_dent,1,1,224,224,door_dent,9600
901.jpeg,224,224,head_lamp,1,1,224,224,head_lamp,30000
902.jpeg,224,224,tail_lamp,1,17,224,224,tail_lamp,22800
903.jpeg,224,224,bumper_dent,54,126,224,224,bumper_dent,9500
904.jpeg,224,224,No_Damage,1,30,224,191,No_Damage,0
905.jpeg,224,224,tail_lamp,1,1,224,209,tail_lamp,22800
906.jpeg,224,224,head_lamp,1,1,224,224,head_lamp,32700
907.jpeg,224,224,bumper_scratch,1,1,224,160,bumper_scratch,10200
908.jpeg,224,224,No_Damage,1,12,224,207,No_Damage,0
909.jpeg,224,224,door_dent,1,1,224,201,door_dent,12300
91.jpeg,224,224,No_Damage,1,1,224,224,No_Damage,0
910.jpeg,224,224,No_Damage,1,1,224,198,No_Damage,0
911.jpeg,224,224,glass_shatter,1,14,193,175,glass_shatter,30000
912.jpeg,224,224,No_Damage,1,55,224,182,No_Damage,0
913.jpeg,224,224,No_Damage,1,50,224,191,No_Damage,0
914.jpeg,224,224,bumper_dent,1,1,224,207,bumper_dent,10200
915.jpeg,224,224,bumper_dent,1,1,224,224,bumper_dent,9500
916.jpeg,224,224,bumper_dent,1,1,224,224,bumper_dent,8500
917.jpeg,224,224,bumper_dent,24,100,224,202,bumper_dent,9500
918.jpeg,224,224,No_Damage,11,49,224,197,No_Damage,0
919.jpeg,224,224,front_damage,156,43,224,159,front_damage,30000
919.jpeg,224,224,tire_damage,26,58,153,183,tire_damage,22800
92.jpeg,224,224,bumper_dent,1,1,224,224,bumper_dent,10200
920.jpeg,224,224,bumper_scratch,1,1,224,224,bumper_scratch,12000
921.jpeg,224,224,glass_shatter,1,1,224,203,glass_shatter,32700
922.jpeg,224,224,severe_damage,1,1,224,224,severe_damage,1000000
923.jpeg,224,224,door_scratch,1,1,224,224,door_scratch,14000
924.jpeg,224,224,No_Damage,2,44,224,196,No_Damage,0
925.jpeg,224,224,door_dent,126,49,175,101,door_dent,12000
926.jpeg,224,224,door_scratch,1,1,224,93,door_scratch,14000
927.jpeg,224,224,No_Damage,1,37,224,217,No_Damage,0
928.jpeg,224,224,No_Damage,1,45,224,203,No_Damage,0
929.jpeg,224,224,No_Damage,1,44,216,193,No_Damage,0
93.jpeg,224,224,door_dent,1,1,224,224,door_dent,8200
930.jpeg,224,224,severe_damage,86,1,224,152,severe_damage,1000000
931.jpeg,224,224,No_Damage,1,49,224,193,No_Damage,0
932.jpeg,224,224,door_scratch,1,1,220,224,door_scratch,17300
933.jpeg,224,224,door_dent,1,1,224,206,door_dent,9600
934.jpeg,224,224,bumper_scratch,1,1,224,224,bumper_scratch,12500
935.jpeg,224,224,front_damage,1,78,213,224,front_damage,42000
936.jpeg,224,224,No_Damage,1,83,224,212,No_Damage,0
937.jpeg,224,224,No_Damage,1,25,224,214,No_Damage,0
938.jpeg,224,224,front_damage,1,9,224,217,front_damage,37800
939.jpeg,224,224,No_Damage,1,45,224,224,No_Damage,0
94.jpeg,224,224,sever_damage,1,50,224,190,No_Damage,0
940.jpeg,224,224,front_damage,6,35,224,192,front_damage,36500
941.jpeg,224,224,door_dent,62,35,223,189,door_dent,12000
942.jpeg,224,224,No_Damage,2,81,224,179,No_Damage,0
943.jpeg,224,224,door_scratch,1,1,186,73,door_scratch,15700
944.jpeg,224,224,No_Damage,1,3,224,215,No_Damage,0
945.jpeg,224,224,door_scratch,56,23,194,135,door_scratch,14500
946.jpeg,224,224,door_dent,1,1,224,202,door_dent,8200
947.jpeg,224,224,door_scratch,1,1,224,224,door_scratch,15600
948.jpeg,224,224,bumper_dent,1,1,224,212,bumper_dent,9500
949.jpeg,224,224,No_Damage,9,74,224,203,No_Damage,0
95.jpeg,224,224,tail_lamp,1,1,224,224,tail_lamp,24500
950.jpeg,224,224,bumper_dent,1,1,224,189,bumper_dent,8500
951.jpeg,224,224,No_Damage,1,31,224,199,No_Damage,0
952.jpeg,224,224,severe_damage,3,25,224,188,severe_damage,1000000
953.jpeg,224,224,door_dent,1,1,224,203,door_dent,9600
954.jpeg,224,224,No_Damage,1,37,224,174,No_Damage,0
955.jpeg,224,224,door_dent,33,28,224,224,door_dent,6000
956.jpeg,224,224,door_scratch,1,1,224,224,door_scratch,14000
957.jpeg,224,224,No_Damage,1,34,224,199,No_Damage,0
958.jpeg,224,224,bumper_scratch,2,1,224,222,bumper_scratch,13700
959.jpeg,224,224,bumper_scratch,1,1,224,224,bumper_scratch,12600
96.jpeg,224,224,sever_damage,1,42,224,194,No_Damage,0
960.jpeg,224,224,bumper_scratch,83,75,224,222,bumper_scratch,13700
961.jpeg,224,224,tail_lamp,1,1,224,224,tail_lamp,22700
962.jpeg,224,224,bumper_dent,1,1,224,131,bumper_dent,9500
963.jpeg,224,224,No_Damage,1,59,224,166,No_Damage,0
964.jpeg,224,224,No_Damage,1,42,224,183,No_Damage,0
965.jpeg,224,224,door_dent,34,34,150,172,door_dent,6000
966.jpeg,224,224,bumper_dent,1,1,224,224,bumper_dent,10200
967.jpeg,224,224,No_Damage,1,29,224,196,No_Damage,0
968.jpeg,224,224,tail_lamp,113,1,224,83,tail_lamp,18900
969.jpeg,224,224,bumper_scratch,43,1,224,224,bumper_scratch,12800
97.jpeg,224,224,head_lamp,1,1,224,223,head_lamp,18000
970.jpeg,224,224,No_Damage,1,52,224,184,No_Damage,0
971.jpeg,224,224,No_Damage,1,41,224,196,No_Damage,0
972.jpeg,224,224,severe_damage,1,1,224,224,severe_damage,1000000
973.jpeg,224,224,severe_damage,1,1,224,203,severe_damage,1000000
974.jpeg,224,224,tail_lamp,1,1,224,224,tail_lamp,21600
975.jpeg,224,224,front_damage,1,1,224,224,front_damage,41700
976.jpeg,224,224,door_dent,1,1,224,224,door_dent,12300
977.jpeg,224,224,door_dent,1,1,224,224,door_dent,12000
978.jpeg,224,224,severe_damage,1,56,224,193,severe_damage,1000000
979.jpeg,224,224,door_dent,1,1,224,224,door_dent,8200
98.jpeg,224,224,door_scratch,1,1,224,224,door_scratch,14000
980.jpeg,224,224,No_Damage,1,1,224,224,No_Damage,0
981.jpeg,224,224,severe_damage,1,20,224,203,severe_damage,1000000
982.jpeg,224,224,tail_lamp,1,1,224,203,tail_lamp,22800
983.jpeg,224,224,tail_lamp,1,58,224,114,tail_lamp,19500
984.jpeg,224,224,head_lamp,1,1,223,198,head_lamp,28750
985.jpeg,224,224,front_damage,1,1,223,203,front_damage,36800
986.jpeg,224,224,bumper_dent,144,110,224,199,bumper_dent,9500
987.jpeg,224,224,door_dent,1,2,223,224,door_dent,9600
988.jpeg,224,224,head_lamp,1,1,224,201,head_lamp,26700
989.jpeg,224,224,glass_shatter,60,33,176,158,glass_shatter,14600
99.jpeg,224,224,No_Damage,1,6,224,204,No_Damage,0
990.jpeg,224,224,No_Damage,3,86,224,205,No_Damage,0
991.jpeg,224,224,bumper_dent,1,1,224,214,bumper_dent,8500
992.jpeg,224,224,No_Damage,1,26,224,205,No_Damage,0
993.jpeg,224,224,head_lamp,1,1,223,224,head_lamp,28750
994.jpeg,224,224,severe_damage,1,1,224,224,severe_damage,1000000
995.jpeg,224,224,glass_shatter,1,1,224,210,glass_shatter,28750
996.jpeg,224,224,bumper_dent,1,1,224,195,bumper_dent,8500
997.jpeg,224,224,tail_lamp,1,1,224,209,tail_lamp,24500
998.jpeg,224,224,door_dent,61,94,163,193,door_dent,12000
999.jpeg,224,224,No_Damage,1,45,224,209,No_Damage,0
